patient_id,444814009,195662009,10509002,88805009,230690007,22298006,68496003,44465007,53741008,233604007,43878008,65966004,126906006,271737000,64859006,443165006,49436004,92691004,36971009,75498004,162573006,424132000,254637007,39848009,26929004,263102004,72892002,713197008,62106007,15777000,58150001,162864005,16114001,70704007,283371005,314994000,284551006,22325002,723857007,156073000
3df8fffa-5995-634a-1d82-9f559ec4359d,0.42683947,0.5487466,0.5860027,0.36556518,0.33428466,0.49616054,0.35246614,0.53353196,0.48641884,0.16774051,0.56000197,0.35865209,0.233722,0.41081855,0.3768618,0.19511117,0.346664,0.21730685,0.45296815,0.46635765,0.19693856,0.29693168,0.35194135,0.5008409,0.3395015,0.4349337,0.4462561,0.2912196,0.5124057,0.36237803,0.29291308,0.4231855,0.35042223,0.4054208,0.3725483,0.17718263,0.35573196,0.18879014,0.1854381,0.19517712
537fd69b-09ac-c673-406d-5ac37e29a93a,0.53893596,0.4864353,0.51349723,0.5690079,0.41625702,0.56789404,0.5738506,0.47695172,0.38745221,0.14528222,0.4853791,0.4422562,0.61036557,0.6500647,0.42829284,0.2328639,0.56838375,0.49662852,0.50457,0.49489436,0.6695242,0.6020516,0.6507998,0.47722572,0.35122815,0.44753727,0.32524008,0.5208238,0.46475744,0.53772324,0.2977698,0.37464476,0.54895,0.4240134,0.5428182,0.5043969,0.36422864,0.46040314,0.5239965,0.1904937
57ceb339-4eef-492a-fe01-15c5aefc45a4,0.5299764,0.5335763,0.4761931,0.57868475,0.41370326,0.28011692,0.4432423,0.5400467,0.33687803,0.13478252,0.43239334,0.31264675,0.34186932,0.59627783,0.37512493,0.18305247,0.3408837,0.29871348,0.55345166,0.42184737,0.39222637,0.35209763,0.45483404,0.49298576,0.26186946,0.2986921,0.4453866,0.407763,0.49514815,0.6690416,0.4042537,0.44712344,0.28677836,0.48391655,0.50539744,0.28531995,0.45012033,0.22546351,0.18936072,0.6160298
5a3fb822-49d4-45e5-b1d5-080cf9a4b5f5,0.45017105,0.57758033,0.4149707,0.50543344,0.22509085,0.38982818,0.5704407,0.47239575,0.4358731,0.3523763,0.46814474,0.53333014,0.24031796,0.49638107,0.36713248,0.39884967,0.4292615,0.22377133,0.5793577,0.36978844,0.28114638,0.30199972,0.3195592,0.39558822,0.39275533,0.465352,0.16813274,0.39757603,0.33745486,0.43932065,0.44689518,0.2203262,0.5042896,0.53736585,0.5901789,0.16906689,0.38018,0.22797197,0.17841434,0.20827465
5e50a0ae-376f-021b-a3b8-8442891028fb,0.55902773,0.5608761,0.49552453,0.47706348,0.33135757,0.27813414,0.30947298,0.44160613,0.26807684,0.0753415,0.40531552,0.214885,0.22855121,0.6970604,0.30579,0.07648788,0.2418904,0.14577828,0.5423685,0.61851543,0.21320859,0.27806613,0.29017213,0.50796986,0.12987363,0.36266902,0.46432567,0.28623706,0.47459343,0.7153283,0.3431311,0.54476076,0.2887962,0.4576071,0.39309835,0.20875217,0.35990605,0.20232886,0.12009955,0.7472131
6b7c0027-120f-50a5-36fd-5ee84337d719,0.3905343,0.5139453,0.51843613,0.6024625,0.5329679,0.38211498,0.6204247,0.35914904,0.60444784,0.30064097,0.42285168,0.55189794,0.43601593,0.3108549,0.5247323,0.6240252,0.5638412,0.48471004,0.52514476,0.4828611,0.5336149,0.45409107,0.50389034,0.4636608,0.63465285,0.52131313,0.24793369,0.45248693,0.42220208,0.24789236,0.6112266,0.18323599,0.35704213,0.51657987,0.46564686,0.34092888,0.5073225,0.5741458,0.62485486,0.14152177
6d200d52-7b87-500a-eb1e-b07011d8d11f,0.50112647,0.5289852,0.52683616,0.5158711,0.5344844,0.5201135,0.5621031,0.5175265,0.5126028,0.23315217,0.5085159,0.51758206,0.48479548,0.44507656,0.457244,0.38616398,0.4612746,0.43350062,0.57111883,0.5219352,0.5577308,0.52541876,0.5433654,0.43111348,0.45164853,0.43736407,0.31229576,0.51388156,0.48241282,0.40823972,0.4604629,0.34219658,0.5128436,0.3805466,0.49347702,0.4471081,0.48594332,0.58296096,0.6028119,0.14040948
6ff0d514-d2bc-8e89-09f8-fb2b55c0f9e8,0.526755,0.5314324,0.523355,0.5813,0.32581496,0.2527688,0.36469856,0.4680208,0.33773986,0.10090014,0.4091186,0.2013333,0.32109565,0.63282555,0.36416095,0.16033863,0.29440975,0.18677807,0.54724705,0.52259594,0.38668856,0.39658886,0.37493932,0.5247553,0.2448055,0.3216728,0.3705785,0.34078625,0.552553,0.67900187,0.4568379,0.50860447,0.32937312,0.5541651,0.4593432,0.22684649,0.5162621,0.16339014,0.124272875,0.77995545
70145016-8360-f787-a9cf-12f71256074a,0.5224012,0.52526575,0.5724959,0.4543159,0.537067,0.49780545,0.5267089,0.5698184,0.47226197,0.71425647,0.5031498,0.55119807,0.41406068,0.36295712,0.56061846,0.50407887,0.596702,0.429692,0.52581465,0.4206006,0.5265488,0.52136695,0.49889398,0.4048905,0.4728758,0.58289164,0.12161647,0.47304872,0.41065472,0.2259333,0.5776046,0.24961585,0.53968537,0.38477567,0.5440737,0.44706225,0.44563225,0.50132316,0.54889363,0.08607513
701ca864-c137-c6ab-d15c-823c83b28a31,0.52569926,0.5993197,0.39489156,0.60933775,0.2568472,0.40778226,0.44402587,0.46257046,0.53756064,0.28134686,0.39744425,0.3100929,0.509494,0.33253732,0.3669232,0.30954617,0.37272108,0.43553165,0.38642377,0.48092967,0.22967969,0.32559267,0.29812235,0.42400756,0.38855493,0.47529626,0.14305046,0.4055275,0.38892037,0.2800193,0.42311776,0.15047918,0.4711531,0.6115688,0.3421371,0.39389905,0.3938492,0.24493739,0.2024845,0.19625369
705e1802-d953-5c6b-956a-59207a513569,0.53034717,0.33857346,0.4964131,0.5123798,0.40302002,0.46469536,0.555023,0.5762405,0.41446528,0.21426047,0.43703687,0.4388328,0.4767044,0.55853033,0.433929,0.31365365,0.57310486,0.45967138,0.49317855,0.47023517,0.6506529,0.5457693,0.6253279,0.47225234,0.39752743,0.5411475,0.47074014,0.5629534,0.49317285,0.45268726,0.3649946,0.48520026,0.47493172,0.37973323,0.5256012,0.35567945,0.54780143,0.26868007,0.34132665,0.36408404
7674f269-4753-bb9a-5c3c-ec8bccf57bd0,0.4914174,0.55418897,0.4885425,0.44431233,0.66414803,0.45168388,0.49584544,0.42600927,0.5899557,0.78736854,0.47064736,0.5177951,0.53081113,0.16264889,0.6149641,0.6134314,0.5530969,0.447611,0.44763842,0.47628146,0.36148587,0.44809127,0.43784812,0.4752921,0.65907127,0.5474091,0.09031621,0.36374423,0.49214694,0.10502434,0.53873396,0.1662882,0.43069682,0.51152164,0.44924164,0.53432655,0.39286494,0.49187502,0.4381871,0.084549
7a58f76a-017c-283a-9db6-4dc7a320eca2,0.5751782,0.35655633,0.50784683,0.5844673,0.42512578,0.41948518,0.43793553,0.6619418,0.46422085,0.2097848,0.53920096,0.49146628,0.37013137,0.45856246,0.43135867,0.20955247,0.538943,0.43993598,0.51974314,0.4898388,0.5309259,0.47856036,0.4589178,0.50473255,0.45923364,0.5900758,0.43696302,0.50001454,0.48315096,0.44854107,0.39100817,0.4918815,0.44791424,0.40433565,0.39158028,0.28841949,0.56068784,0.19246753,0.23836863,0.3767736
7c703ab2-778e-3634-acef-3f08f970f9d2,0.4817325,0.39715767,0.5118509,0.39718577,0.24151194,0.3431913,0.34783515,0.4830933,0.3961423,0.16502726,0.52211833,0.43709162,0.26895615,0.6570518,0.3358376,0.18743289,0.27808502,0.16280214,0.38754147,0.60882735,0.40955785,0.31286436,0.35041076,0.3994741,0.27347848,0.40583304,0.5135041,0.35026866,0.4489191,0.48774707,0.17854418,0.6652005,0.48745823,0.43028432,0.5289557,0.17472428,0.22940283,0.13489673,0.14257026,0.31506637
7cb241ac-e8e0-f141-a371-7699a66669aa,0.50681376,0.5558572,0.48734787,0.4972532,0.4553387,0.4758615,0.5236933,0.41333953,0.5830032,0.53955513,0.4577836,0.589817,0.5136075,0.49967262,0.5349471,0.43962714,0.53268325,0.46850058,0.4945951,0.48481655,0.39522925,0.43924087,0.46467116,0.4011688,0.42254847,0.499426,0.1718604,0.57927275,0.38068497,0.312033,0.6083835,0.1939683,0.6037331,0.5247913,0.4366555,0.492919,0.4355692,0.431513,0.41788572,0.17650865
807ae605-babd-110a-9a79-0483670e9a07,0.48499426,0.5186437,0.46374145,0.52108717,0.3130962,0.43202043,0.5254179,0.45898318,0.2953859,0.07931711,0.4863463,0.46233317,0.32806078,0.7492313,0.43563434,0.15059252,0.47432885,0.29599068,0.56301194,0.5990058,0.39830214,0.39823702,0.46431005,0.37190607,0.17540565,0.30159804,0.47417194,0.47031167,0.36353096,0.7227853,0.32896763,0.40904793,0.4301534,0.47515497,0.5316509,0.35889524,0.25853947,0.30932054,0.28417456,0.21291988
855fa1a1-a8dd-492c-cb25-a391c28c245b,0.5981548,0.47766295,0.5141701,0.2959569,0.18099372,0.34444594,0.2823877,0.4732293,0.35033867,0.07522701,0.5718616,0.44361752,0.11798731,0.7078988,0.2813913,0.07842402,0.18804224,0.08795124,0.46589753,0.6383083,0.23808055,0.23386809,0.21866211,0.41670486,0.13250785,0.23777813,0.7713227,0.2338835,0.39518502,0.8113425,0.22089866,0.78384167,0.27619892,0.33749297,0.41205445,0.14179055,0.16415198,0.09351754,0.105772786,0.41641212
88283177-1681-0afc-1e54-f2b2b0e8275b,0.4916422,0.36638957,0.46412072,0.53512657,0.3802155,0.43515408,0.5421593,0.44704023,0.47542122,0.11500313,0.4935193,0.43029934,0.54800904,0.43036804,0.3809599,0.25746024,0.40568364,0.48483515,0.46849713,0.5525834,0.61883587,0.49376592,0.5276744,0.47745165,0.31032673,0.45697054,0.51376265,0.49075782,0.48915288,0.37114498,0.29326174,0.3749421,0.47606078,0.48076606,0.34621114,0.3900142,0.4086737,0.28799155,0.28281024,0.4107884
889ded4f-c1b7-f011-a0f4-18c9bfa91e20,0.469796,0.48061565,0.452333,0.59071004,0.5065635,0.5936901,0.58885324,0.42337203,0.39541698,0.21155287,0.5199899,0.5004775,0.44542074,0.58973426,0.45921475,0.31325465,0.40441686,0.3543977,0.5997834,0.52467066,0.4637957,0.52622706,0.5056136,0.44961736,0.41581556,0.36067227,0.3651717,0.5358578,0.37918067,0.638818,0.4280983,0.42847198,0.45913875,0.3722512,0.5345803,0.40341762,0.41794193,0.41622785,0.40807244,0.284719
8941427e-b94e-a868-c5f2-a31f16d25583,0.48487294,0.5971693,0.5580093,0.57619506,0.5742301,0.5024385,0.5540454,0.41135025,0.45663998,0.35942167,0.47513807,0.616116,0.50286114,0.40296587,0.49779958,0.59378916,0.52457696,0.39912924,0.58224094,0.45987582,0.5870903,0.528994,0.5657376,0.38275483,0.5085942,0.3370225,0.13364102,0.34313133,0.47018585,0.43141332,0.44871497,0.1907182,0.554135,0.5844508,0.4213311,0.48107132,0.37697163,0.6187693,0.63540965,0.1251187
897119be-c30d-db5c-65c6-8c7acacf2aab,0.53113204,0.5405607,0.43420178,0.48960254,0.4636813,0.37483615,0.54289925,0.44355088,0.45522073,0.28097695,0.51459104,0.53326577,0.24420677,0.3977966,0.45498788,0.35251158,0.5076477,0.29395196,0.53011143,0.48857886,0.29753146,0.3085372,0.2467665,0.44640276,0.41976175,0.42277524,0.1473651,0.35297203,0.39489925,0.35112295,0.52464825,0.24933782,0.3141454,0.53973615,0.5269986,0.25026605,0.27333903,0.46776906,0.5253307,0.14126676
8a1ba2f3-d620-ca49-e37b-bdc8c3af08b2,0.45430818,0.5240175,0.54780614,0.5630909,0.5605018,0.49238282,0.5336033,0.46216026,0.59433395,0.2946345,0.45970082,0.43497077,0.66583896,0.32429582,0.52252626,0.42093137,0.5167166,0.65860784,0.48593384,0.4988823,0.5678284,0.5170951,0.54478174,0.42578623,0.53013235,0.51043576,0.26486155,0.5570499,0.4615458,0.23054437,0.5000813,0.1951184,0.5829065,0.47850403,0.33866537,0.6003032,0.4346597,0.5010448,0.515479,0.13473105
8a7fa1f4-04b5-d267-344b-dc1acfcb8bf0,0.5426724,0.48452947,0.53034306,0.41796976,0.37735125,0.4304455,0.3886435,0.566037,0.40719727,0.27460426,0.51202965,0.39032742,0.22319801,0.50149316,0.42974108,0.16966034,0.39322612,0.2575686,0.5697356,0.5031542,0.39255074,0.3924123,0.39562008,0.5154694,0.26030076,0.34953415,0.52848434,0.37485373,0.44574326,0.4599858,0.28589508,0.65057266,0.37509528,0.383518,0.41906163,0.24995941,0.3578271,0.2313406,0.18462259,0.35570964
8aace7fd-2227-9b1b-d6b4-26f24667ea1f,0.51049274,0.4526814,0.52247703,0.55870223,0.34911764,0.46938688,0.32090992,0.47018972,0.29978517,0.07913497,0.37191215,0.22856545,0.32289752,0.6567768,0.32162684,0.13003944,0.29734442,0.26126337,0.46410486,0.52622116,0.40876928,0.3784455,0.44651753,0.5655674,0.23435417,0.40241122,0.44880736,0.34471866,0.4662974,0.6420002,0.31907192,0.52581227,0.3369489,0.47917166,0.37256968,0.30571046,0.4564417,0.23695467,0.18404755,0.6665903
8cd12175-bbd0-1a82-0124-c59b8614affd,0.6069486,0.45985475,0.5697609,0.45129243,0.44677067,0.56061465,0.45235047,0.567179,0.6256482,0.16897145,0.56700045,0.54782796,0.421758,0.34045926,0.44062477,0.3657893,0.4079757,0.42491943,0.49172175,0.51226956,0.3418348,0.27893987,0.23047057,0.52928174,0.52300113,0.5829936,0.25722054,0.5152627,0.43447322,0.31575873,0.42114124,0.34893578,0.5940006,0.5185603,0.41918728,0.41365364,0.34984395,0.49608412,0.47527567,0.09635896
8db378e0-9e07-8426-fa88-b431378f5fb9,0.47891247,0.5225722,0.50503874,0.5391634,0.518523,0.45100534,0.5335505,0.45690164,0.5918408,0.6313387,0.4237789,0.5773889,0.5323423,0.3021244,0.6399296,0.5191994,0.63250124,0.51988083,0.46659473,0.5216294,0.37396508,0.46161905,0.41720843,0.42456922,0.558938,0.59666514,0.13660394,0.5475105,0.35802332,0.20704764,0.64455336,0.13964163,0.5795444,0.5170977,0.41534647,0.52044904,0.50661945,0.5106373,0.523287,0.1191604
8e398de9-2661-6056-a6ca-306d47bb8b11,0.53242254,0.51635045,0.4521174,0.46451595,0.49319547,0.40503076,0.535504,0.41391614,0.4521145,0.7930393,0.48678216,0.5799618,0.29335773,0.2616958,0.56334376,0.5438806,0.5528143,0.36166742,0.3865977,0.43028504,0.47254598,0.4357667,0.38191935,0.43920675,0.39349166,0.5522547,0.08603537,0.40714863,0.31515136,0.11972004,0.5369647,0.21318257,0.40221873,0.41922453,0.47468024,0.44000024,0.36841902,0.37906504,0.41639727,0.13672009
8e5161e7-770a-0667-3269-f5dd224dbf0b,0.5506446,0.54287606,0.5381634,0.36705992,0.30437157,0.24701841,0.40626565,0.4917153,0.27608097,0.17139618,0.42052892,0.38712758,0.14040393,0.6318404,0.45661646,0.121551745,0.27891254,0.11830884,0.5692234,0.5880342,0.3158716,0.33832836,0.32927614,0.41153154,0.1313489,0.21434069,0.7984296,0.24416651,0.56809634,0.63859487,0.32056078,0.58122385,0.21908997,0.30811024,0.31804854,0.15404347,0.25978616,0.092143334,0.0953782,0.4960606
8f9bf2d6-2459-0704-e14b-e682c12cb358,0.5560339,0.5732646,0.5340363,0.5006032,0.7159131,0.50160426,0.62230563,0.49565452,0.5880193,0.4639563,0.47876227,0.6353192,0.50284296,0.14117698,0.52414894,0.78210676,0.4800299,0.5298803,0.53915775,0.3345343,0.41395313,0.40427655,0.37022924,0.5150164,0.65732867,0.4980792,0.07366415,0.5147803,0.42019096,0.09234801,0.660551,0.117674544,0.507075,0.45927,0.41381484,0.5867965,0.43061578,0.68452835,0.7376673,0.06631506
90d7f80d-60d3-4edd-ca1e-d6643f9a00f6,0.60165495,0.5321885,0.49908152,0.5579567,0.48386255,0.4131327,0.47532296,0.5900273,0.3443267,0.36962557,0.45354903,0.55483526,0.36372924,0.29460952,0.38944292,0.4615705,0.34285122,0.39950913,0.59799045,0.43392026,0.5686453,0.4959057,0.5487819,0.4710091,0.37242427,0.37502116,0.1196454,0.3699242,0.5857438,0.26194796,0.60386056,0.2093802,0.68244374,0.4753068,0.4253757,0.38018104,0.3671398,0.3843127,0.5330317,0.0764985
93d2afc7-cb76-1e4e-64fb-b357085ec509,0.514397,0.40661803,0.51288104,0.48194194,0.29151955,0.53803366,0.31971934,0.55033195,0.50614375,0.1022086,0.47039318,0.4012591,0.14008956,0.5227747,0.40606332,0.17504118,0.31965527,0.17073058,0.34384412,0.50492775,0.30885604,0.31032568,0.304259,0.48633248,0.3546264,0.4359821,0.46674997,0.24576937,0.40621513,0.5192132,0.34164354,0.5737829,0.46362582,0.39977148,0.3729575,0.17984888,0.3820985,0.18368624,0.19454157,0.2899723
951ac36b-61cf-86dc-ee19-e40e7c8dabb5,0.5354909,0.5437159,0.505804,0.40996352,0.31426048,0.50462186,0.5106123,0.3940383,0.28979033,0.081323266,0.4569647,0.41672495,0.2607795,0.776875,0.37426013,0.11794024,0.34057805,0.1877739,0.5621271,0.56711787,0.51052266,0.47889322,0.47721627,0.39799204,0.1867312,0.30644017,0.6687679,0.47856638,0.39151034,0.7597379,0.27271384,0.7106653,0.38958558,0.34830683,0.5846481,0.27454987,0.22151804,0.28396222,0.33014023,0.2680892
9657a386-9cae-a682-354e-7fb613275756,0.550812,0.51995033,0.5585902,0.43871894,0.5484617,0.5014084,0.52448267,0.543583,0.62111926,0.34874234,0.48864335,0.4370618,0.3951846,0.20978373,0.585005,0.45381913,0.43337423,0.3911471,0.52299505,0.4364831,0.31045142,0.31206608,0.31766924,0.5375504,0.5069665,0.5309866,0.29084167,0.40299398,0.5859705,0.15388241,0.6914687,0.18256141,0.4494772,0.36457083,0.35630652,0.32877025,0.56228423,0.426157,0.36114344,0.23030598
96c37964-5195-9fa2-ddfb-9071bef81a97,0.44759113,0.43901882,0.482199,0.51035506,0.5350769,0.4717513,0.47102767,0.46645835,0.48850796,0.22788338,0.41354287,0.46378464,0.38332403,0.5278498,0.42371646,0.26552385,0.5138375,0.35079658,0.5600789,0.6686,0.47906595,0.4184161,0.49982256,0.4537809,0.5035535,0.45872116,0.4966925,0.47663346,0.50794476,0.55800194,0.40813065,0.5487087,0.48133487,0.45435527,0.46185294,0.3856397,0.268048,0.27744675,0.37824988,0.20963272
96f56917-8f62-64c5-41ff-e1e06f9104ba,0.4852459,0.5819676,0.5203497,0.50120884,0.441315,0.3541402,0.33934727,0.42289048,0.53198,0.21153463,0.4436457,0.35094595,0.53053063,0.52224016,0.42288846,0.29368517,0.37080345,0.30020273,0.54602176,0.4889998,0.4283649,0.40092957,0.45940453,0.55568814,0.36755925,0.44459912,0.30420208,0.3496382,0.5359019,0.48320752,0.31579742,0.46636012,0.46839324,0.48902854,0.39361924,0.36889416,0.4245315,0.35023326,0.25882632,0.5230267
975cfe26-1286-d1a1-14b5-271bbbadc410,0.5953332,0.29485878,0.42769885,0.49867368,0.34124824,0.44991493,0.48811024,0.61162287,0.37562394,0.29534277,0.45921826,0.3952972,0.29195097,0.26377085,0.3651994,0.31025383,0.48283082,0.3264152,0.32315028,0.4755127,0.43196353,0.27186465,0.3455022,0.49987558,0.33797178,0.57784927,0.2835082,0.34582505,0.6795826,0.17692477,0.4824192,0.23886247,0.38482302,0.4516447,0.37856543,0.22715054,0.34869474,0.116753146,0.14215745,0.27805635
979eba08-a39c-fd6b-6e26-b0bd80905750,0.5641816,0.28888467,0.54398566,0.39543203,0.24488528,0.47241986,0.4049901,0.545137,0.41039357,0.10328666,0.6227734,0.40873152,0.3243893,0.3843815,0.34368768,0.21770777,0.37342942,0.26039946,0.421421,0.4403284,0.2326341,0.23447952,0.26250622,0.5740164,0.3340635,0.54251194,0.5159907,0.362619,0.56564647,0.32784963,0.24036495,0.34206092,0.38404775,0.3643367,0.37132502,0.20180719,0.34010726,0.093283944,0.112393744,0.29222757
983aafa7-0560-f337-39a7-ca82c20862d1,0.53914535,0.52118313,0.5873141,0.48180252,0.6211486,0.49483797,0.5039875,0.55827016,0.5871209,0.3399072,0.44965807,0.501703,0.39735118,0.24912249,0.5790529,0.46798798,0.5158555,0.46742284,0.5212922,0.42550334,0.38745642,0.2942255,0.37912837,0.57259566,0.5894237,0.5482834,0.16812186,0.45970213,0.43778023,0.19130921,0.70466423,0.16516034,0.42705774,0.42117363,0.33371073,0.3677647,0.47550672,0.5849272,0.60085297,0.15348452
988ccb04-2732-511e-488b-06e2d6f30d14,0.53891104,0.43659672,0.5071442,0.4640796,0.5215418,0.38479254,0.5113222,0.46003,0.39629772,0.27642247,0.48638764,0.48270658,0.2092908,0.411971,0.41444558,0.38680053,0.40746823,0.29594812,0.5196448,0.5081723,0.32191524,0.30870146,0.27228746,0.46080205,0.34027985,0.39766064,0.4198057,0.49551165,0.52588063,0.3880047,0.5295604,0.45248735,0.29052487,0.36172542,0.43193486,0.29292175,0.2537748,0.19795112,0.32063827,0.29161608
98fb286f-f463-5d73-aafa-7258af6cbbc3,0.51583475,0.4625375,0.53141385,0.37645578,0.18515891,0.42231208,0.20704335,0.5250901,0.399485,0.064984486,0.5687687,0.30631688,0.09991282,0.64306873,0.21967961,0.08534446,0.21200794,0.07893233,0.39323944,0.5767412,0.24620771,0.18767537,0.20111717,0.5077422,0.16525854,0.4060805,0.39471397,0.18292698,0.47822326,0.6543045,0.13560507,0.764373,0.3731068,0.51840836,0.4780446,0.07742598,0.2233158,0.13253802,0.13009788,0.26241124
99c3e055-5358-ccb1-84e6-d9ea0804fc33,0.5043305,0.49755594,0.4645649,0.5359374,0.3158206,0.6036176,0.2951826,0.4840905,0.5626434,0.22459377,0.4014404,0.5083199,0.38077033,0.2884493,0.3306268,0.47512373,0.46821243,0.438994,0.4930373,0.475124,0.31920585,0.24794336,0.3756643,0.50848883,0.57051295,0.556246,0.14679463,0.3694523,0.3639776,0.28193337,0.40343532,0.26653752,0.5391106,0.5240438,0.31032524,0.27980044,0.53349286,0.39217713,0.3427162,0.13801256
9d6c7d14-7d0e-16b8-e861-512d986d04cd,0.48253152,0.41642192,0.5127539,0.39962736,0.24397261,0.40968338,0.51998234,0.41643035,0.60001403,0.7821901,0.3434903,0.61589646,0.1769909,0.12949277,0.5200978,0.712002,0.5674602,0.22065951,0.4180953,0.33447817,0.36085412,0.32663715,0.28179166,0.42046633,0.52251476,0.54916686,0.10785164,0.29074937,0.35196644,0.079009265,0.6142829,0.16737658,0.39833164,0.466187,0.49227747,0.18199326,0.44281858,0.19128825,0.22523552,0.1483116
9d700cd2-9cb9-2cf4-b1cb-064ff4111d5e,0.5264276,0.50673354,0.5605497,0.5631298,0.4342262,0.4691555,0.48378715,0.46965545,0.49340957,0.14026827,0.53460324,0.5658515,0.44014004,0.5140211,0.44194403,0.30947265,0.47737277,0.42085314,0.5633667,0.46886593,0.45191038,0.4066533,0.46028927,0.46038526,0.36101115,0.40963587,0.369064,0.43297645,0.47121453,0.60052717,0.36668402,0.3967542,0.38040966,0.35594752,0.41156334,0.35145023,0.46457985,0.41611668,0.47181696,0.31896487
9d7c5f1e-1b95-ad91-1223-97f1559e709a,0.48378482,0.46770498,0.46796942,0.6395198,0.5601607,0.5796077,0.4187113,0.5261746,0.45187536,0.24727857,0.5292116,0.44602093,0.63249576,0.4542944,0.48931438,0.4167541,0.5838203,0.6149399,0.48396277,0.36925316,0.5165964,0.554021,0.6520361,0.5136863,0.5838116,0.5720986,0.1157104,0.5334,0.43074778,0.32602775,0.39367884,0.25253895,0.5864743,0.414262,0.37651235,0.5558006,0.5601828,0.62791276,0.6429407,0.08929975
9e099349-022e-8f09-62f8-e98487b9a6b9,0.5141299,0.4912992,0.60470283,0.4844484,0.5351694,0.37200874,0.39060318,0.61831075,0.39490944,0.40164638,0.48833433,0.41918048,0.40282854,0.4021005,0.47389227,0.46360993,0.44475946,0.42233938,0.49179724,0.49463698,0.62229294,0.59931785,0.66090906,0.40159592,0.43723324,0.43605363,0.22565328,0.40725383,0.535931,0.37034774,0.46508536,0.29095688,0.49457842,0.3641023,0.50663596,0.43256694,0.4641227,0.34229654,0.49306202,0.08488037
9f1ff3ee-4f25-bc64-dca2-f2556e4b72ad,0.5796439,0.54503876,0.53168225,0.46809235,0.34137917,0.2632932,0.2553789,0.36835012,0.32356143,0.10290182,0.44696724,0.20970155,0.22131021,0.61459476,0.3024835,0.11903215,0.20378736,0.09652827,0.540982,0.590795,0.2464584,0.29139778,0.23992667,0.50771046,0.16748421,0.28270468,0.36747143,0.2107078,0.5559116,0.7131027,0.28816688,0.5684064,0.2602293,0.57540834,0.4245336,0.17578787,0.3725271,0.19057333,0.09113452,0.75343776
9fb7c10a-9e9d-745e-ec00-d231ecae22f7,0.505207,0.5619449,0.41407597,0.5330275,0.23005223,0.3723545,0.55206627,0.49778387,0.4163481,0.21236415,0.44860286,0.4748173,0.3091774,0.4996975,0.34129718,0.33573455,0.43988898,0.31882378,0.54863834,0.3724754,0.32907227,0.3141599,0.3932296,0.4242184,0.33960247,0.40305212,0.17892054,0.35240585,0.3746368,0.48363364,0.4792854,0.16085058,0.44396508,0.553168,0.6215142,0.18274787,0.41204423,0.28952348,0.18771136,0.2825129
a07edfaa-4bfd-02a4-8260-4e82fc9ff00d,0.53440666,0.37270683,0.4854159,0.40882283,0.48809958,0.509587,0.53894717,0.52983546,0.4504895,0.38729134,0.52858335,0.43159103,0.33074653,0.43878722,0.4093333,0.30740485,0.48688975,0.32783306,0.49963048,0.4595295,0.50696987,0.4143968,0.47009283,0.53413504,0.45126158,0.5070233,0.36716208,0.50709397,0.5287517,0.30719513,0.36807743,0.47408554,0.32879007,0.3542677,0.5370376,0.4040202,0.30500102,0.261352,0.27873984,0.35363063
a1f69be4-f8bc-0693-73d2-45688f11fd3c,0.50199366,0.54743797,0.46146902,0.5344707,0.5185807,0.40099275,0.5502344,0.5043986,0.5843956,0.23958714,0.47073346,0.45267913,0.34543276,0.39603177,0.5261618,0.345147,0.54764485,0.39188212,0.5498572,0.51951146,0.22894968,0.25837538,0.26617393,0.50367785,0.55636454,0.48595288,0.16374467,0.40680647,0.41387174,0.34610394,0.6399462,0.18884562,0.34098378,0.5337069,0.45700094,0.28325278,0.44800296,0.646842,0.6002741,0.16758439
a307b196-a8c0-9cc2-37ad-a23371cb3f9a,0.5420495,0.5760243,0.5220872,0.57432324,0.45733038,0.25901562,0.4339648,0.56207144,0.34908003,0.24482547,0.36049703,0.2041139,0.27329323,0.68806666,0.49852872,0.21676393,0.39468336,0.1494905,0.64137024,0.41036916,0.2447894,0.31313723,0.31559348,0.49380898,0.32876813,0.4130458,0.30890787,0.48186225,0.61088943,0.5811294,0.59228194,0.53078616,0.30098963,0.5482676,0.41066098,0.20359015,0.5097507,0.19035874,0.16349386,0.78353447
a4477aee-18f4-3a07-6a94-69c3bde9fd1a,0.47216016,0.49999857,0.54930466,0.48326412,0.40282732,0.45975268,0.46259117,0.59653497,0.66630024,0.40401286,0.37587827,0.51975864,0.35450232,0.16432914,0.6183463,0.630808,0.5576803,0.38091898,0.4852271,0.40492377,0.3019415,0.30682832,0.31781113,0.53717506,0.6469217,0.60509425,0.122328594,0.31337315,0.45191494,0.10902562,0.6394879,0.14164,0.5666231,0.45913336,0.30355373,0.2016765,0.56397957,0.42027676,0.4090995,0.10424429
a4689743-edae-2f95-f1bc-717936a2d537,0.49411255,0.4622143,0.4787845,0.40182585,0.37444845,0.41231912,0.4675676,0.61102885,0.4201971,0.17887323,0.39039254,0.43059355,0.30890083,0.37707168,0.4550718,0.17772414,0.3896234,0.3381515,0.5416304,0.53241056,0.39669108,0.32910088,0.38855255,0.5484243,0.4223259,0.36876303,0.6092997,0.37624535,0.48072693,0.43704343,0.4466922,0.57001,0.38672358,0.31832826,0.39169866,0.27940527,0.36814928,0.18703261,0.18905683,0.4145772
a52b94bc-b04f-fbd3-eb7a-2f3b31735d4c,0.49440843,0.5170155,0.517987,0.33917,0.3985383,0.33680558,0.4390915,0.44417676,0.5335768,0.6424143,0.52800524,0.57259005,0.2390666,0.21487913,0.45935953,0.53898364,0.42216188,0.2328753,0.46199802,0.43218887,0.3347837,0.32370597,0.32809657,0.43732724,0.3421743,0.47353402,0.26791203,0.29818505,0.4575485,0.20146593,0.4237603,0.34852326,0.24514234,0.38151366,0.49355292,0.32331902,0.43507472,0.20869683,0.23896748,0.21318391
a55c5883-94bb-7ef5-0f62-45fc122c0652,0.48911238,0.45952073,0.5467438,0.53472453,0.41209665,0.43521875,0.52351296,0.5135669,0.54236215,0.18566069,0.4628528,0.5081171,0.38758966,0.45639044,0.47074363,0.3165313,0.47600925,0.4250146,0.52764595,0.44086832,0.46459237,0.43264377,0.52245325,0.46688756,0.4364156,0.43620947,0.4294113,0.47872683,0.5039389,0.5016198,0.42175195,0.41698885,0.37908602,0.4133484,0.47404405,0.30092725,0.48392844,0.32599568,0.40040377,0.3181841
a5e1eb4a-9193-b119-9a30-1a7540db8233,0.49417564,0.5257642,0.5344087,0.53967017,0.4965803,0.55400705,0.51114804,0.59344447,0.48451737,0.20399736,0.49880612,0.33872908,0.47037968,0.5897203,0.44349197,0.26336175,0.45104137,0.43526372,0.5307422,0.48967615,0.47867587,0.42192134,0.47358814,0.487107,0.54317826,0.46983442,0.3361266,0.54830813,0.463186,0.54102284,0.42561433,0.4824819,0.39718765,0.37882203,0.5895668,0.48269612,0.4223723,0.5370282,0.54367137,0.15081835
a63cece4-b80a-ba6f-f172-df66f4591d73,0.53225124,0.43552917,0.5249822,0.43597052,0.27806467,0.46929187,0.4017474,0.58288383,0.50598276,0.59455705,0.47656506,0.5061069,0.238214,0.24565448,0.47690997,0.56141084,0.50024384,0.262362,0.48422477,0.38460284,0.37935868,0.40427464,0.402167,0.44942755,0.4895585,0.46647465,0.18707478,0.30524263,0.46838936,0.2335832,0.48464614,0.2615298,0.39150468,0.43387645,0.44213676,0.24516669,0.4706687,0.15685242,0.16380852,0.23066828
a655d506-2a71-2d18-d946-b25429537347,0.56199217,0.5103883,0.5110447,0.51147705,0.41654068,0.45988593,0.3950307,0.5559812,0.6128312,0.506294,0.39132553,0.62617964,0.36366764,0.25840932,0.6254892,0.627224,0.58523005,0.34879094,0.50726616,0.5107582,0.48338264,0.520632,0.4410161,0.469717,0.56114155,0.5086799,0.10796444,0.35451028,0.3885137,0.223562,0.5436039,0.22773303,0.74067026,0.51639664,0.27020004,0.27662137,0.48523822,0.43730497,0.5201059,0.10468929
a70f35c4-1373-cb3f-621c-75ca043c72c0,0.46381447,0.5273037,0.5462477,0.40456632,0.5233175,0.32459944,0.4498331,0.5647504,0.5439975,0.7510701,0.42251262,0.5092053,0.31068772,0.28714037,0.6098553,0.51826525,0.44548962,0.33258933,0.57026356,0.44998714,0.4568859,0.46607468,0.49054307,0.4500756,0.45661086,0.50284284,0.17009844,0.36852354,0.4037509,0.19456711,0.7006675,0.24480541,0.5500565,0.4336874,0.4287896,0.28943938,0.6082741,0.3917328,0.40199408,0.16443829
a7e54602-c1a0-2d71-661d-876d582056ce,0.53134084,0.33385488,0.4259929,0.4941441,0.33452955,0.4883902,0.49102762,0.563278,0.43974873,0.14434212,0.43120697,0.3391298,0.4669572,0.34696457,0.32751688,0.24742316,0.41053614,0.47288626,0.3739308,0.47599572,0.5043498,0.43230665,0.53844136,0.57983166,0.32986453,0.54673177,0.4197114,0.49451917,0.56606346,0.27036017,0.3961616,0.2558983,0.52442145,0.46747088,0.37849838,0.38542774,0.33938926,0.17538844,0.21576284,0.35790852
a84d0379-d1bc-545a-22c2-d393e01155d3,0.5130708,0.44506347,0.48749402,0.44891715,0.33405852,0.50711495,0.54386085,0.4899311,0.2692391,0.121434756,0.32601815,0.39585257,0.30786714,0.65367043,0.32118255,0.14984103,0.42026383,0.35784328,0.4861744,0.41573715,0.5649649,0.40549222,0.51887375,0.48020235,0.23956825,0.40394297,0.51356333,0.48946792,0.44842032,0.52456015,0.4341028,0.4863228,0.36279756,0.3209147,0.5356083,0.35290828,0.29593378,0.2170139,0.36711,0.32624084
a8620d16-3d1b-45fe-a79e-b35e57c70c29,0.541648,0.48404604,0.53363377,0.620063,0.40830585,0.54504853,0.48645088,0.4742411,0.5079007,0.12379274,0.46841645,0.4249969,0.6810879,0.60014594,0.4227949,0.2867435,0.5969017,0.5993638,0.59293395,0.49535775,0.64863247,0.57976204,0.643176,0.5379669,0.4810329,0.52878696,0.26380244,0.5477028,0.49067894,0.5338073,0.35197383,0.33968455,0.679861,0.45635986,0.3575918,0.5860142,0.3952771,0.55680764,0.59396595,0.14664127
a92c8d5d-4311-3a81-065d-5c8974d39ae4,0.52686435,0.52470195,0.42085698,0.5455637,0.43906605,0.44059896,0.51490873,0.48103353,0.46438727,0.24312112,0.5042824,0.46227568,0.5312272,0.40753874,0.49423167,0.33497623,0.4889403,0.5001965,0.4977241,0.5038324,0.5291025,0.5016653,0.4652018,0.50272316,0.40267578,0.38417435,0.2972973,0.47575882,0.39230168,0.35202688,0.42525205,0.32941458,0.46220726,0.37716302,0.46564108,0.44289446,0.42405283,0.4721009,0.4831709,0.20759667
a9748f8f-fbb1-87da-052d-0915b2478fa8,0.50868815,0.5231261,0.48566827,0.53774357,0.5178272,0.43294308,0.59812874,0.47697538,0.48580948,0.33158875,0.4272199,0.51501745,0.43480068,0.3737716,0.509512,0.34526297,0.44445556,0.45448345,0.5513075,0.55620176,0.5510925,0.47011554,0.51281035,0.43364602,0.4653812,0.4147949,0.45273298,0.47379214,0.38616818,0.40587428,0.47411078,0.40589553,0.328265,0.37767312,0.51726866,0.40699145,0.47269234,0.4539917,0.42439094,0.31472403
a9ac2ea9-9850-7c6a-b2f0-957042455a9a,0.5051718,0.43607476,0.51564753,0.36517853,0.33059186,0.3163757,0.50938505,0.48009744,0.6037196,0.61927885,0.42393064,0.72228,0.16292709,0.18326634,0.47945565,0.8083865,0.44284326,0.1523172,0.50229776,0.35626453,0.335638,0.33429497,0.2526782,0.3539089,0.48859084,0.554193,0.13684335,0.29583278,0.29797912,0.11027729,0.55098295,0.19502388,0.4916061,0.47268966,0.45513305,0.09580336,0.5369849,0.2522453,0.30638456,0.06987794
a9efd044-9c21-627f-a8fb-076118ea1e8a,0.55736643,0.5116232,0.50663006,0.53481233,0.5593546,0.49434677,0.4978582,0.6968198,0.4188959,0.32192802,0.52930146,0.4989753,0.3651716,0.30991918,0.50376076,0.36789957,0.5400156,0.42736956,0.51344043,0.354357,0.4995101,0.4789092,0.55702055,0.5279998,0.49406248,0.39199507,0.2196784,0.3717787,0.48029667,0.315393,0.4400991,0.22707912,0.48995468,0.40983593,0.4004229,0.35121918,0.5444593,0.35314924,0.38044187,0.1960107
ab7eaa58-97fa-8634-3b1e-aecf8783282b,0.51041096,0.51942277,0.5159297,0.47403827,0.29958424,0.4427811,0.27842876,0.46088052,0.2321192,0.046837155,0.41919708,0.1962476,0.31590188,0.73455244,0.21335298,0.070455894,0.2148462,0.18956847,0.52395856,0.4858447,0.3791053,0.3379149,0.37496957,0.57609665,0.115841225,0.36402857,0.40566355,0.2839926,0.4340154,0.6645581,0.19930741,0.6185105,0.3806174,0.43747583,0.47011665,0.26199973,0.41117144,0.21010286,0.14712162,0.6808697
ae7b7411-e85e-ed55-201f-2a83f49c2837,0.60153055,0.55180776,0.50876385,0.43184578,0.4577634,0.37879726,0.44253862,0.46013516,0.46080092,0.29380763,0.4181793,0.44678137,0.4152354,0.42915294,0.50134265,0.2922039,0.3803054,0.3372419,0.5419829,0.59950334,0.39280975,0.3243355,0.35343218,0.38280192,0.40078053,0.37747455,0.42381057,0.44000712,0.4661758,0.4257691,0.52227825,0.3877314,0.36116064,0.3957889,0.4357797,0.4047887,0.2795549,0.42608526,0.3990385,0.16802265
aeb22336-dcfb-9319-fcb0-3dd98a86eb0b,0.5082293,0.64737326,0.53372175,0.48842606,0.57800937,0.3451368,0.55542254,0.3881396,0.58850527,0.42149648,0.4752089,0.49227515,0.3102674,0.28653866,0.49386692,0.45092082,0.4570759,0.35183704,0.603865,0.446079,0.31996417,0.3529856,0.37407154,0.44351617,0.5176244,0.44824952,0.1613503,0.45133373,0.46578607,0.2542957,0.6711748,0.22621807,0.33458197,0.437703,0.43213427,0.2693836,0.356141,0.5243062,0.49377736,0.15973884
aefe9716-6072-791e-c0f7-8bb2d1227915,0.5180746,0.5061144,0.46415946,0.5756261,0.43290284,0.47289982,0.39877653,0.40600294,0.5866001,0.37875766,0.45630094,0.5786418,0.7266982,0.18452345,0.5403462,0.5596831,0.5585962,0.68123823,0.5001688,0.44244006,0.58753186,0.5665252,0.61791676,0.5357851,0.61329037,0.52551526,0.08369831,0.38464737,0.495154,0.17887047,0.37824127,0.15066639,0.647966,0.52384996,0.38345867,0.6568505,0.4956604,0.48316142,0.4290425,0.13178363
af7d5693-35b4-2ea1-fba8-fb43ca2551ed,0.47197595,0.49213597,0.4586282,0.55722827,0.49664775,0.4654442,0.59090483,0.5283719,0.4513502,0.32490715,0.4850648,0.48159233,0.38920724,0.35980543,0.5865107,0.34711492,0.5443625,0.38493448,0.44021055,0.46635446,0.393294,0.40712395,0.4796988,0.47182235,0.4873669,0.42736843,0.29742965,0.46429417,0.36592937,0.37949207,0.4898825,0.27742007,0.28409785,0.46507,0.5751839,0.42290702,0.424362,0.38503522,0.45562595,0.2920651
af873519-929b-464a-2234-20a42837c571,0.52846825,0.48315418,0.5275742,0.5150167,0.41855118,0.45825124,0.50375825,0.52005786,0.41970035,0.17834188,0.48096442,0.5094564,0.42787397,0.5029434,0.513589,0.26606598,0.48459467,0.4366643,0.5446205,0.48968193,0.57577616,0.52052045,0.5449126,0.49535856,0.2951711,0.3835392,0.52418184,0.46138552,0.44478062,0.51269805,0.3137595,0.42523357,0.46560988,0.42831752,0.42581883,0.43668437,0.40525067,0.34240535,0.36364472,0.3326526
afd2900b-7318-586a-f83e-aff2bcefa834,0.54333436,0.5243734,0.44240344,0.4085312,0.40633982,0.5281142,0.4704703,0.42712235,0.37937716,0.20484596,0.5104223,0.5478942,0.16794808,0.40333444,0.31992027,0.2484493,0.3576756,0.23098774,0.61640537,0.45703286,0.4373712,0.4335774,0.40175635,0.45255283,0.23945668,0.23025778,0.370626,0.25759184,0.46132508,0.6159626,0.33852336,0.4943949,0.45635897,0.39003235,0.6595083,0.25125086,0.23921397,0.22364716,0.22985412,0.2669292
b0a7d846-7ac6-7fda-7da8-8f83ae4a861a,0.5731665,0.58603024,0.5395885,0.6259214,0.5256172,0.52043384,0.5132828,0.5374936,0.46088326,0.25807053,0.52685225,0.4954479,0.40095404,0.4315029,0.6439424,0.37330702,0.6466777,0.36332002,0.56932104,0.6116887,0.46433586,0.3805058,0.38652542,0.48116294,0.48938116,0.3382342,0.2158305,0.32187113,0.49338287,0.47194532,0.41609886,0.24114858,0.4873351,0.53337926,0.39080977,0.3624361,0.32816896,0.63225067,0.5949004,0.12807725
b1702aed-2b23-1396-27bf-2f3be40a405f,0.51613396,0.39465445,0.47664702,0.5879719,0.43222237,0.50460523,0.48873588,0.5666831,0.45537013,0.16318002,0.42165998,0.45606044,0.515935,0.486551,0.463885,0.29322895,0.5745999,0.54977447,0.46302474,0.5012837,0.58368665,0.48956007,0.551742,0.5295203,0.47756034,0.53776145,0.34191144,0.5273986,0.49206805,0.4133202,0.40399566,0.40629253,0.47333625,0.40672946,0.39562955,0.45939922,0.51634413,0.4343077,0.51054394,0.24872504
b1965847-c13d-f432-cabf-04c3f7619ceb,0.5608543,0.573522,0.48499167,0.5077674,0.24935223,0.47161835,0.5154661,0.51068306,0.5229563,0.27373728,0.46653998,0.506763,0.34362736,0.47632104,0.50551,0.4261372,0.5604505,0.29150736,0.58694774,0.45571047,0.35355753,0.41345328,0.27982706,0.39480716,0.45269394,0.38397703,0.25707838,0.3607814,0.39415777,0.4260319,0.41298234,0.24338074,0.4548031,0.5253988,0.45517027,0.29440734,0.2882522,0.2643785,0.26239026,0.18773995
b23528b7-538f-4397-5af0-017eccfe4129,0.5574577,0.51778114,0.50159186,0.5692077,0.5973248,0.6456699,0.50741845,0.50015134,0.4585778,0.2670272,0.47917438,0.4558761,0.48815006,0.41447166,0.49091303,0.39869013,0.52765405,0.48805413,0.5143688,0.4377488,0.5153505,0.529576,0.5071812,0.5252764,0.5047392,0.46443775,0.1908002,0.48275334,0.5404133,0.35614407,0.49437952,0.2612807,0.55484676,0.41619197,0.4815503,0.50330395,0.3911964,0.6111196,0.61256194,0.18033226
b29130d4-66d4-84aa-97d5-d4c0fd943eab,0.55561215,0.49737144,0.45701393,0.4155243,0.2921022,0.3160864,0.4437659,0.5452703,0.5895666,0.71377957,0.5230096,0.6286047,0.34305987,0.17337866,0.5490483,0.6615544,0.4889443,0.2801717,0.44864753,0.4418238,0.37429875,0.41102204,0.3173768,0.40370807,0.4761854,0.41366947,0.0815774,0.24838531,0.3264175,0.16340244,0.36829668,0.21448527,0.5240349,0.54507464,0.48096782,0.23254003,0.44674593,0.2203882,0.1745009,0.11812662
b2963bd1-faa1-682e-ef97-3b2effa0a22f,0.50174046,0.49965048,0.5428996,0.62352955,0.49070576,0.48894447,0.5123033,0.565555,0.54675853,0.23386608,0.5451519,0.4369461,0.6286333,0.3665437,0.47736135,0.4527406,0.57972854,0.57274985,0.44764236,0.4572849,0.5079009,0.48777926,0.53463006,0.46105212,0.5706545,0.52576995,0.14406788,0.47361508,0.45103613,0.3348634,0.41921586,0.17981638,0.48136768,0.43523237,0.5284704,0.5815093,0.46703666,0.5587002,0.5995702,0.06847529
b2d1d09b-f50f-e19c-7905-b201936edbb0,0.6016887,0.5342379,0.48654163,0.39166173,0.17720927,0.46318656,0.21139894,0.55167633,0.46992207,0.056598563,0.56998813,0.36213773,0.12334322,0.5053439,0.21527334,0.13586135,0.23300819,0.13833225,0.37120694,0.57656604,0.11409776,0.123760246,0.114130996,0.42075157,0.2940669,0.44354945,0.31698635,0.18726595,0.36273822,0.62267274,0.25550634,0.6822205,0.26405475,0.5219279,0.5369031,0.097935416,0.30316752,0.26295623,0.20989332,0.13010007
b3064b90-9a02-3eaa-6699-85732f21eac7,0.5385566,0.46156552,0.55265415,0.58455306,0.5434215,0.5370165,0.465879,0.51741666,0.57440734,0.42390352,0.43635467,0.61032605,0.56953657,0.14937773,0.53746635,0.68448347,0.6171817,0.67106456,0.4922156,0.3786903,0.538516,0.4705909,0.5297116,0.51092386,0.6474171,0.6532087,0.061530504,0.3950354,0.4183745,0.10201877,0.5674038,0.11534449,0.61136746,0.37797794,0.33237174,0.56483746,0.5395101,0.69094735,0.7414513,0.04509998
b4a9a663-7fdc-9c91-7a4b-7ac14884ff5d,0.51649857,0.47705698,0.53863066,0.57156837,0.55120707,0.47698525,0.5445609,0.5562631,0.5461146,0.36239496,0.47787914,0.528305,0.58355176,0.29464844,0.52971387,0.48197687,0.61325854,0.5604542,0.48305526,0.44141656,0.53311586,0.5213855,0.5593852,0.46956316,0.5337956,0.57889295,0.15658227,0.48185495,0.51526093,0.24801026,0.4487736,0.20019092,0.5342374,0.47501203,0.48747107,0.48992497,0.4909136,0.55301964,0.5790861,0.14001897
b503dcec-c7ee-2620-0024-80a44aa61094,0.5406496,0.39051902,0.56264067,0.40191773,0.6378477,0.5660669,0.46084458,0.475776,0.46984115,0.5987171,0.48998788,0.5020866,0.25869292,0.22959986,0.54141587,0.49535564,0.5290464,0.24553894,0.49391896,0.3749928,0.6156721,0.54560596,0.49691436,0.5051438,0.5768002,0.49388483,0.23363431,0.33545184,0.55784225,0.18359454,0.538239,0.2730167,0.50690836,0.4078974,0.40259358,0.24288121,0.4922349,0.3617069,0.4407381,0.18751264
b530e420-8d4f-3542-f5ab-2829b1721b8d,0.4793771,0.5032213,0.5797481,0.47748438,0.48921245,0.45111394,0.5767074,0.5321222,0.45432186,0.23540513,0.47399166,0.50295496,0.26532128,0.49169254,0.52723175,0.2646392,0.4418361,0.3257075,0.6471906,0.5211278,0.4316798,0.4197483,0.4691486,0.556727,0.36802754,0.4286682,0.5001127,0.4718496,0.51295376,0.47422382,0.5250803,0.5348002,0.33883876,0.34197804,0.52825063,0.3132616,0.41922292,0.33973828,0.35264495,0.39932507
b5b59aae-9e13-1737-c80c-8e197223ce1c,0.52977973,0.3016585,0.5298064,0.5975137,0.4363378,0.54743415,0.5282638,0.50213957,0.4743835,0.16377968,0.49484602,0.49741295,0.42521372,0.48159772,0.5551051,0.2871462,0.52893245,0.40401292,0.5528166,0.61012316,0.58809,0.45563972,0.47287908,0.5297609,0.40511978,0.43365273,0.447745,0.46945623,0.52892506,0.49976206,0.27364555,0.4122451,0.5057734,0.49300534,0.27002674,0.32897016,0.37997863,0.32206532,0.34963,0.44741052
b650cc23-7549-bf64-c845-6bfe22117b06,0.5091164,0.51031363,0.4334107,0.53649276,0.51085055,0.4066095,0.5099623,0.4410072,0.44965935,0.23414531,0.4353746,0.36039132,0.26125568,0.51537585,0.50287783,0.20486392,0.45865262,0.27086443,0.5154218,0.5587416,0.28189284,0.34737206,0.4192943,0.48289737,0.46269932,0.39469332,0.39353502,0.49798694,0.38212878,0.51499736,0.6275629,0.33953914,0.31830567,0.48769328,0.47818673,0.26612446,0.36363345,0.4282569,0.41639546,0.39733726
b651b6da-6491-a505-484e-e75d46cd597d,0.5635955,0.591031,0.52522445,0.49879187,0.289985,0.17877702,0.33570424,0.37939888,0.30983758,0.14539288,0.3585998,0.245118,0.17900912,0.57425,0.38112915,0.14659035,0.34039414,0.12866467,0.62899554,0.51484585,0.26117036,0.27238378,0.25996205,0.42737702,0.12461223,0.33016357,0.22942187,0.224776,0.5813685,0.5866849,0.4877151,0.41395774,0.17655753,0.5723657,0.36713064,0.13183169,0.4196022,0.29082662,0.14883022,0.73490626
b658cddf-f8f5-d3bd-2c5a-ea5f5a3fd5ac,0.44985944,0.43733376,0.4170589,0.44959044,0.5894851,0.5087706,0.6001806,0.50017196,0.51801306,0.7713081,0.5239988,0.6212947,0.35565665,0.39408824,0.5948522,0.44413272,0.58374506,0.2889583,0.3965012,0.397993,0.35649383,0.47894266,0.4601133,0.4000247,0.47307983,0.5968423,0.16576885,0.53565806,0.34884143,0.2239426,0.5452353,0.33215407,0.4951311,0.39822388,0.540357,0.49908236,0.3501624,0.24834214,0.31895703,0.11603411
b6895581-5e52-2f97-ff34-a238a86b2f80,0.553222,0.5809602,0.44472063,0.5221956,0.30374756,0.45692763,0.337391,0.5116337,0.46201506,0.19643424,0.45584697,0.22199583,0.30844688,0.30142808,0.27635577,0.19720338,0.25690863,0.33217007,0.25425497,0.39613533,0.20412323,0.2163957,0.2165075,0.41690907,0.32279378,0.46330327,0.14652278,0.32850274,0.5292448,0.2676318,0.48635787,0.24769145,0.30073994,0.51038104,0.37651673,0.27067247,0.33648315,0.22893961,0.28513068,0.19265701
b69026b4-fbf5-5c97-8d40-d6140a940ad8,0.48595884,0.51685184,0.49104142,0.5113334,0.551354,0.34119627,0.5636941,0.4800832,0.65404904,0.36499214,0.44328874,0.41683304,0.36838013,0.18886386,0.55904,0.42070812,0.47851384,0.4178858,0.4242564,0.50523806,0.32354254,0.29063475,0.31776652,0.51444674,0.629446,0.5485296,0.24951608,0.3456019,0.36838257,0.16125017,0.7385151,0.14921017,0.30906177,0.4843876,0.3491405,0.261686,0.5865286,0.5825357,0.5434983,0.18571053
b6b75395-25c3-9795-6bc7-38ef5257524a,0.52565515,0.573129,0.44574553,0.50901437,0.5770435,0.5488384,0.54482037,0.50641257,0.38558388,0.22787215,0.4080379,0.39827228,0.45676193,0.5144304,0.39474303,0.30238122,0.41361538,0.43051973,0.5435282,0.45783496,0.45466405,0.39885202,0.495918,0.49840733,0.3631602,0.4193883,0.344605,0.52542275,0.5390879,0.37507835,0.5069692,0.34108052,0.45151886,0.34486607,0.4753193,0.49048278,0.30297643,0.3562556,0.4050411,0.31280193
b6d9f9f6-b4b0-8b31-1827-dcc141011135,0.5662945,0.48138914,0.4905294,0.6043776,0.51002985,0.57380784,0.58330667,0.58261794,0.50688154,0.254006,0.47855076,0.55930305,0.5827147,0.382884,0.51867115,0.44698024,0.58481765,0.5959326,0.5267325,0.41813242,0.55609196,0.5123095,0.5237743,0.46105844,0.53936994,0.5228381,0.16089258,0.5405757,0.45552948,0.3156412,0.46054843,0.27983004,0.59227055,0.3983803,0.4002207,0.4902024,0.5030014,0.6221219,0.6687567,0.10805609
b72410e2-b90b-7073-473b-17dcdf2d55d3,0.54737806,0.56395894,0.52225274,0.41191626,0.33528012,0.23914571,0.19819747,0.39028037,0.2931517,0.071149625,0.4047368,0.16913296,0.1326455,0.5166279,0.21550785,0.107964404,0.15611264,0.07810231,0.49502498,0.5655045,0.13718,0.12101071,0.14691867,0.5823361,0.17059493,0.3380622,0.3964408,0.14029735,0.49822125,0.5834689,0.3256679,0.6012499,0.1557566,0.46476272,0.390839,0.11322096,0.37254864,0.19386911,0.096852124,0.7779243
b8140bb0-ad5e-b2b7-6226-2a14e62b8779,0.49233872,0.4839087,0.5126942,0.51046056,0.58295566,0.5383956,0.41237268,0.3913655,0.6071131,0.31208205,0.534015,0.63175374,0.7260137,0.17560437,0.53139085,0.58305764,0.5454328,0.6823916,0.46056047,0.46213907,0.68321216,0.6091235,0.6510327,0.56657094,0.6171928,0.49859503,0.090076484,0.36272168,0.5482791,0.18714887,0.3136447,0.17899533,0.6688218,0.44194484,0.45670998,0.69516844,0.44741076,0.5795509,0.5740278,0.076187216
b893ab22-978a-7fab-5475-8d209b29e988,0.53784734,0.4230917,0.5387585,0.36664873,0.2795329,0.32396898,0.46608806,0.52770597,0.38257608,0.09261804,0.49996185,0.4037041,0.20387125,0.48135006,0.4564207,0.14924324,0.34500623,0.22713172,0.4978426,0.51378006,0.3364797,0.32818305,0.32407475,0.5498093,0.14912437,0.28275055,0.7793485,0.35625383,0.50319624,0.46490577,0.296862,0.49640217,0.30203417,0.37649,0.3941515,0.20734036,0.37922665,0.1267172,0.11241865,0.5902171
b8dd1798-beef-094d-1be4-f90ee0e6b7d5,0.63595694,0.39510852,0.46008438,0.5778053,0.36001465,0.47148058,0.46712747,0.51520455,0.57208896,0.47051147,0.4381244,0.55746335,0.31616217,0.24493425,0.6085527,0.542489,0.5934411,0.35870752,0.40794137,0.43125528,0.49034038,0.43649235,0.33160138,0.5298271,0.6025005,0.478292,0.19014555,0.33178657,0.38069057,0.20257093,0.5658324,0.15869315,0.4290658,0.57647824,0.29099,0.2531125,0.6335312,0.33280414,0.23886856,0.25185528
b8eb8d31-1031-fb5b-e207-b9815f80744c,0.5436202,0.5403786,0.48907667,0.48718643,0.4108262,0.544797,0.51350796,0.4415656,0.27366573,0.121549,0.4869178,0.3816748,0.35333258,0.7698815,0.36630797,0.14684813,0.41997325,0.2592408,0.50520706,0.5662083,0.5104521,0.5092145,0.51061165,0.42953908,0.29078013,0.37578848,0.44537684,0.5138212,0.3887823,0.72948533,0.30979842,0.6414452,0.41069782,0.36393547,0.60355073,0.41115105,0.26755646,0.41116497,0.44356978,0.21211065
b900b05c-0705-c975-2ae7-165dad25c5db,0.5321356,0.3531613,0.5271161,0.6359151,0.5216519,0.4853681,0.5243882,0.6302823,0.5032287,0.34459284,0.41408947,0.502193,0.51605344,0.4274918,0.5275111,0.39717066,0.5403565,0.56877524,0.5502621,0.43422675,0.6763705,0.5296267,0.6203461,0.50747305,0.6027404,0.48767522,0.29920802,0.5446423,0.47011438,0.3673284,0.4294543,0.3203882,0.556803,0.46277717,0.30179718,0.46337625,0.4788896,0.33239558,0.4502094,0.30821726
ba9485fd-fcee-dace-0843-b8894ad33b8f,0.5480492,0.583204,0.47236636,0.5949383,0.35076112,0.39912325,0.44848198,0.541955,0.48414823,0.3209981,0.41621897,0.4414011,0.3320025,0.36759964,0.5079532,0.46285054,0.65216845,0.3788848,0.53528345,0.42405394,0.41674936,0.40085196,0.48050368,0.44301823,0.5504798,0.4243647,0.12362452,0.36203626,0.48363945,0.3577184,0.5482729,0.18857493,0.45507053,0.51245964,0.4246994,0.2142459,0.51316696,0.4421841,0.33103698,0.19363843
bab34d1d-8075-2609-be5e-5676921a79a4,0.5667669,0.548926,0.52085847,0.560509,0.3812074,0.50087076,0.41554826,0.50319195,0.48880264,0.46787712,0.46137592,0.53456944,0.43734464,0.28701827,0.5146069,0.60807467,0.5343141,0.43939558,0.5297795,0.43420488,0.51306885,0.41249335,0.38708442,0.4195797,0.5056882,0.50233847,0.1262659,0.37817517,0.44342852,0.1953893,0.5043179,0.24709581,0.49724868,0.41162807,0.33834156,0.42058325,0.41208896,0.43303338,0.42801476,0.14875093
bab6cc6d-87e0-51c6-b64b-e3cc02c0b86d,0.53216875,0.5153922,0.5039893,0.55539536,0.5191933,0.49434572,0.524455,0.49815795,0.46626252,0.23510754,0.47778848,0.4153826,0.5374029,0.5451524,0.53136253,0.33042705,0.5362221,0.45661095,0.5250031,0.5128927,0.5102942,0.4583129,0.4714711,0.45436585,0.46676776,0.4663747,0.30794355,0.5456109,0.47563925,0.45416898,0.40466085,0.37084475,0.47363198,0.38951275,0.49182853,0.48932397,0.36817527,0.5778803,0.57255244,0.16325015
bac273d4-e81d-00c3-9ddf-f046a666f025,0.5030652,0.3165675,0.47268498,0.46819335,0.38748518,0.41423658,0.4531485,0.535335,0.5721542,0.6557792,0.53307223,0.52886367,0.3672278,0.33973396,0.5595096,0.4591293,0.5384041,0.3288697,0.38741902,0.5593569,0.4821171,0.48152474,0.49049017,0.4670326,0.41126075,0.64405173,0.32440507,0.4670847,0.5415715,0.24391785,0.3977178,0.32089078,0.49451527,0.54827076,0.37295672,0.3515203,0.4234038,0.14819442,0.20028563,0.2321959
bad87386-b5f6-c602-8556-2b9f62a390c7,0.5259854,0.50820756,0.44097322,0.5395226,0.34947962,0.3306249,0.4928269,0.5443517,0.3359737,0.1873555,0.41157895,0.43024027,0.27608058,0.43681994,0.4399586,0.20736293,0.43731418,0.39095962,0.5282609,0.449162,0.55638945,0.49951053,0.5051285,0.57813007,0.23109266,0.25918362,0.4048093,0.44865465,0.48649365,0.4302329,0.4712294,0.3466257,0.5082671,0.4696582,0.50164795,0.2682526,0.45175356,0.25047854,0.2925296,0.37676293
bb7a0790-0ce3-0f77-6a98-306693899293,0.52459466,0.52366996,0.4932713,0.55312705,0.4748585,0.52023286,0.49952254,0.41956025,0.48692638,0.3025113,0.48821354,0.5052053,0.4432987,0.41734484,0.52415115,0.34009588,0.52437437,0.52901036,0.52132136,0.4718237,0.47538972,0.51048225,0.49242774,0.5441149,0.47104797,0.3904634,0.27765244,0.51749206,0.37307352,0.33870834,0.380449,0.347801,0.44645637,0.42708904,0.3957435,0.41686717,0.44869742,0.4853692,0.40317154,0.2846194
bba66637-581d-b353-6274-2c1dd4cc63f3,0.5383318,0.45850703,0.43066755,0.42275643,0.35437623,0.26641595,0.24954206,0.3438742,0.29543692,0.093968734,0.40026897,0.2589907,0.22386618,0.5436774,0.21803176,0.121878155,0.23041494,0.1562299,0.5053835,0.6048272,0.34078336,0.33336857,0.33489436,0.543106,0.12640786,0.29671186,0.38290745,0.16991359,0.49687463,0.6981231,0.33375162,0.6069332,0.24170753,0.53033054,0.53662974,0.23083146,0.37772027,0.18529317,0.08504625,0.7739274
bbbaa427-6b2c-548c-bdc4-0e7a97e7bd41,0.45139742,0.5501098,0.5538255,0.7106498,0.54473823,0.43290347,0.49684447,0.568752,0.5244968,0.2174086,0.5449862,0.31566268,0.6906911,0.5259907,0.5028828,0.4254701,0.5334436,0.5716218,0.5335281,0.3815533,0.5060245,0.45245764,0.65955645,0.44514236,0.6326428,0.5608366,0.16450192,0.5267911,0.53618854,0.45190346,0.42299536,0.22605914,0.45894197,0.42689192,0.4769012,0.6024941,0.5179741,0.5931841,0.605072,0.10609774
bbe49b02-ce19-ae00-0d58-cdec9037bab4,0.49242768,0.40054834,0.4924319,0.650308,0.45443252,0.5106263,0.4387357,0.5114905,0.4156064,0.35693777,0.5530451,0.4318879,0.5200083,0.39714974,0.4341895,0.3829745,0.5974398,0.4923404,0.4678367,0.38669366,0.70058167,0.60839415,0.71519244,0.52316433,0.5716915,0.63235676,0.12414763,0.39618915,0.44231877,0.3390297,0.3548735,0.20317511,0.6732174,0.5252429,0.5418643,0.4115259,0.47543675,0.45998254,0.4410978,0.1727583
bc02e796-3399-dd1c-c07a-e9f0bcb677d7,0.50436175,0.52124697,0.43727148,0.51715606,0.326362,0.2991953,0.28307453,0.34653574,0.337587,0.08573949,0.38239175,0.2025755,0.25358194,0.5443022,0.246975,0.12042428,0.28011623,0.19725141,0.5592037,0.54118574,0.21689676,0.25815442,0.24863407,0.5283993,0.16738883,0.34215215,0.25640604,0.213482,0.50753826,0.66969377,0.46475807,0.45178258,0.17199531,0.5525551,0.55720794,0.22339362,0.4752188,0.2249842,0.098453864,0.72185624
bdcce647-4ad3-9265-302f-cdd063e86916,0.5008027,0.50793135,0.548346,0.5726625,0.4771751,0.48401773,0.48733068,0.55915385,0.5611254,0.31184956,0.42950055,0.46046928,0.6211017,0.37588057,0.54419774,0.415054,0.5115313,0.5997698,0.58230305,0.428206,0.5543093,0.5659144,0.6322801,0.5021002,0.5510374,0.5564629,0.25070655,0.54752207,0.46366188,0.29471934,0.48715696,0.28250977,0.63563806,0.4148502,0.346787,0.53514,0.51967764,0.50093204,0.52523017,0.18511015
be1924ea-8a82-8176-1ee9-fb5d488ffdbd,0.5567479,0.44395807,0.51326996,0.55433047,0.47340614,0.5967138,0.5206266,0.5688454,0.4995144,0.17523636,0.48438647,0.44861934,0.47407192,0.51873547,0.47611752,0.28995714,0.528134,0.44302824,0.5182213,0.44398442,0.44045758,0.44776985,0.45730343,0.5219174,0.4856053,0.52993304,0.31802538,0.5157055,0.4932458,0.4747704,0.4571698,0.36925977,0.50659853,0.40251738,0.44947088,0.34008703,0.45615909,0.4215808,0.46209255,0.20163909
be24e515-41d1-3b65-8716-6be62dac2f99,0.5035404,0.51933837,0.47516724,0.44052202,0.3362057,0.48779452,0.54294693,0.39685518,0.30238938,0.073414855,0.43555635,0.47388253,0.35640296,0.77539253,0.39287478,0.1431844,0.31290537,0.238551,0.5773667,0.5523786,0.6136499,0.54758394,0.5695392,0.39507324,0.18846548,0.30084383,0.66375244,0.5157114,0.36450705,0.74513113,0.24610116,0.6766385,0.4303392,0.38549805,0.54550976,0.3570785,0.23640372,0.28560013,0.3708522,0.32956886
bef35940-43ec-f362-41ef-6bf479b25c8a,0.5165848,0.5222594,0.50646794,0.5249977,0.5031192,0.46179292,0.4579866,0.46960276,0.5553118,0.4175784,0.47456703,0.5176694,0.49501446,0.24804336,0.5372808,0.5110908,0.50097144,0.5119658,0.5310564,0.4396662,0.53838134,0.49216092,0.5144512,0.4780871,0.49881673,0.5465915,0.21561214,0.4942122,0.4950795,0.18889464,0.54634196,0.2878163,0.4458897,0.36337847,0.33408874,0.49821326,0.4929935,0.47344157,0.48832807,0.18836565
bf082c5d-a251-01af-d1dd-90e1646b4853,0.49599767,0.4789633,0.514927,0.48206943,0.26207873,0.4954585,0.45119494,0.48448882,0.5387721,0.28430477,0.41124442,0.53514737,0.39426807,0.38571888,0.4940597,0.49392694,0.5427378,0.38894448,0.5327889,0.44329137,0.44452924,0.34851766,0.35082373,0.43617246,0.48583466,0.51002073,0.18683894,0.39021474,0.44530305,0.28180763,0.49455342,0.22112326,0.48800167,0.47816372,0.4002185,0.31363666,0.43015653,0.4067181,0.31723934,0.15281591
bf68ebe2-8ee3-3672-55b5-4ef05d5ef467,0.5490526,0.57869637,0.489391,0.6105303,0.6402041,0.547794,0.60736513,0.47869232,0.5442309,0.3484408,0.49231416,0.5596188,0.5842324,0.36915672,0.55218434,0.5104711,0.54508704,0.6028757,0.56465244,0.48465818,0.4572511,0.41654044,0.3916227,0.51579285,0.61954385,0.4189421,0.15103495,0.58126533,0.44418812,0.3000953,0.55469,0.24312855,0.49111554,0.45874768,0.44579405,0.5453723,0.43018857,0.61881083,0.66054946,0.14575294
bf9dbec9-201b-7e90-3c67-07f393f93169,0.5625008,0.5604977,0.5004216,0.6070496,0.51808256,0.51198804,0.60966235,0.51171666,0.48306182,0.19254881,0.45804837,0.5253555,0.49424693,0.50946295,0.531101,0.42927444,0.6417845,0.42419806,0.55747896,0.51708436,0.4084008,0.4330637,0.4252458,0.43183294,0.5156909,0.5238144,0.19744667,0.53935254,0.39245886,0.48575634,0.5504252,0.23041168,0.5651341,0.51228625,0.4745558,0.48229483,0.34784448,0.5496259,0.5616137,0.09873796
bfa9a5df-1f2c-3475-7f3a-9967f58073db,0.4611574,0.48289776,0.53332525,0.5794231,0.4533919,0.43058908,0.4743094,0.55050117,0.4934236,0.20253177,0.46203542,0.46203777,0.48951015,0.47210425,0.4673763,0.3392912,0.51707846,0.48461056,0.5160025,0.48091835,0.5727005,0.5149572,0.6604411,0.43806836,0.44015986,0.44853234,0.41604286,0.48163933,0.5067629,0.52497405,0.40118814,0.3843197,0.50527465,0.42583936,0.46592885,0.40869245,0.4932225,0.34311458,0.40697706,0.21244857
c0a724c9-5fec-c90c-b66a-af98aceb17f5,0.46488655,0.5155994,0.5516299,0.5939282,0.49383393,0.37327048,0.43647265,0.5642104,0.53212297,0.58741325,0.55056417,0.4999923,0.49394193,0.46155277,0.56831986,0.5301169,0.49587828,0.3613344,0.45114994,0.51525885,0.47511706,0.55937934,0.53448135,0.35087737,0.5279991,0.47327402,0.093477435,0.41282675,0.42815265,0.41213834,0.41526744,0.26578045,0.52892697,0.46105388,0.5451203,0.40909892,0.4871749,0.47036776,0.5325583,0.049629424
c0aa4213-b1ee-0004-d58f-20257ffb7404,0.5178234,0.53005284,0.5013365,0.58263725,0.58006287,0.5161646,0.55331784,0.47098827,0.51073045,0.2891782,0.46592507,0.49911702,0.583632,0.43294445,0.51542586,0.41209856,0.54858464,0.5690447,0.5129632,0.44239253,0.5700557,0.54728097,0.52960163,0.44877997,0.5589359,0.48813865,0.19956398,0.57253,0.45240965,0.33727613,0.4544529,0.28661805,0.5123667,0.38759184,0.47434503,0.5831251,0.412764,0.5966432,0.6425426,0.120213225
c0aaafec-b34b-94ae-71e2-cf4f5fe91966,0.5160821,0.49019104,0.5040696,0.4700402,0.44739452,0.42622614,0.43734893,0.5106316,0.38728762,0.2747785,0.49138856,0.4339578,0.33561966,0.47251475,0.4196445,0.24776876,0.39212006,0.27258334,0.472751,0.56723017,0.4367329,0.42425743,0.41116467,0.43332338,0.33627284,0.42893648,0.38649705,0.39094585,0.41965407,0.47473526,0.32240275,0.46735597,0.401757,0.41574037,0.48853904,0.3568948,0.31418908,0.32963595,0.28743398,0.25841475
c12614ed-2db3-cb59-33c6-be45d445192e,0.52765054,0.49229673,0.49677664,0.63781387,0.5116805,0.5016278,0.5046547,0.53566134,0.5511862,0.32154146,0.47392216,0.48235697,0.6520909,0.27627403,0.53720814,0.490062,0.56322885,0.66453934,0.41941035,0.4838883,0.57394433,0.5705851,0.5408912,0.45730484,0.5681665,0.58722997,0.12457161,0.45239535,0.43416807,0.21969903,0.48492685,0.1373004,0.59941626,0.4896536,0.39022523,0.5354877,0.5712294,0.6101091,0.6149395,0.09965281
c21ec67e-5b58-1689-ae45-2f943ac701e9,0.49786842,0.49073097,0.46442294,0.5641077,0.18804699,0.4247159,0.449453,0.49438417,0.49830028,0.29268968,0.40088645,0.45790184,0.44898078,0.3338339,0.40997794,0.33822197,0.5664367,0.48197255,0.5285609,0.43203646,0.42928222,0.3333542,0.41672453,0.5383398,0.37443814,0.4521666,0.24945031,0.3343661,0.37063333,0.28166735,0.36592707,0.1686734,0.4122197,0.55679595,0.3809166,0.29574895,0.553137,0.27665928,0.1803144,0.4568878
c2a7166e-7395-938a-6f13-4cacbba56324,0.46302894,0.48339713,0.48501635,0.62029207,0.55227077,0.50318736,0.53841215,0.49831182,0.5844708,0.3403525,0.4531637,0.4296585,0.59381485,0.46693143,0.55758774,0.37351722,0.55146956,0.50544864,0.5105669,0.48597917,0.52493316,0.52954304,0.603086,0.4771843,0.617968,0.5015968,0.2285135,0.6030346,0.46911016,0.3243945,0.49576047,0.2408804,0.594596,0.5406199,0.42164114,0.50596714,0.46469828,0.49834076,0.54219097,0.18751413
c2f24641-c827-b7d6-f43b-670cd2e9805d,0.56469357,0.57727903,0.54336435,0.54997444,0.351203,0.3248605,0.22096021,0.3803879,0.32017475,0.043349296,0.4423322,0.14524023,0.29864466,0.6437977,0.24577622,0.079107784,0.16165657,0.12335117,0.5215104,0.585302,0.23688929,0.23442288,0.26712108,0.5629159,0.1666706,0.28343216,0.36048204,0.20138364,0.5364748,0.7329545,0.25527784,0.53011686,0.25396714,0.5910923,0.38515463,0.2157673,0.39467964,0.21648,0.1000891,0.85086566
c324f02a-b4ec-2ad3-130f-ab9c9cfc47c8,0.45383853,0.41190523,0.5303247,0.54620534,0.5138354,0.4155145,0.42214113,0.3893004,0.38720468,0.32821319,0.48573858,0.4571049,0.43013522,0.5680186,0.5617814,0.3522923,0.3653817,0.3281714,0.5345931,0.52617687,0.6602605,0.61470646,0.6845627,0.44203278,0.49135494,0.29774708,0.62085915,0.43534592,0.5469171,0.632319,0.31400007,0.55203646,0.45917735,0.41730082,0.48797497,0.3412454,0.47065708,0.19558962,0.23437226,0.3696186
c3ee6a96-3637-42e4-1331-7109bc2db9b0,0.50186515,0.50130486,0.49301925,0.5199873,0.45219743,0.475336,0.48151436,0.48802722,0.5077388,0.3797262,0.4289665,0.5054469,0.39116305,0.35625282,0.54938334,0.39904192,0.50161874,0.386979,0.516304,0.4535382,0.4533144,0.40259188,0.44248745,0.45708138,0.40705523,0.4878163,0.25410706,0.43049353,0.47535753,0.28204378,0.5174544,0.3051927,0.47897637,0.39787796,0.3988151,0.33908266,0.43046278,0.39793134,0.3973292,0.23328005
c4952fbd-438a-c034-17df-5da9c24ed033,0.49619845,0.49496633,0.51878875,0.4910075,0.6054384,0.52875483,0.41246665,0.38577372,0.6177232,0.33277473,0.5421615,0.6282364,0.68981254,0.17002057,0.5249379,0.5613433,0.5403722,0.66072196,0.47106794,0.49377203,0.67226386,0.6207214,0.6293553,0.56306285,0.6137291,0.49814948,0.097513214,0.35146624,0.555578,0.19995023,0.3237568,0.208255,0.6494749,0.43521956,0.45330116,0.6828226,0.4429328,0.58470833,0.57733655,0.0783857
c4d81511-e632-d454-85d7-577531dcca08,0.5687671,0.47240788,0.474105,0.54704267,0.42773628,0.29021576,0.49209064,0.43511525,0.3557692,0.120520435,0.38657925,0.37831584,0.36133653,0.606027,0.5068092,0.24585603,0.31609204,0.19612949,0.6975686,0.55043864,0.47596198,0.46051142,0.40659425,0.45138308,0.2796443,0.29681906,0.47888377,0.40550026,0.5168217,0.7094864,0.4267784,0.4878553,0.3930665,0.5010919,0.4285701,0.2872599,0.4524592,0.29668897,0.2013353,0.70668966
c5450d36-7905-0484-dbed-fe4fd8be6c46,0.48912036,0.5226658,0.5352646,0.5656992,0.5816837,0.53537583,0.5058861,0.55394626,0.64015305,0.3980875,0.43551478,0.48462272,0.64487255,0.22477932,0.57421374,0.5122389,0.52051663,0.6304964,0.5134636,0.42923462,0.5074295,0.47577113,0.53972673,0.50684994,0.6386181,0.59686136,0.12264622,0.5090169,0.47749308,0.1583765,0.6223834,0.14980331,0.6583455,0.4503465,0.34360394,0.58471495,0.5452848,0.6631922,0.6526302,0.101641595
c5c46a0c-d6c0-c22e-594b-a2b389228704,0.5425105,0.5526318,0.41687113,0.5728219,0.4606452,0.5209812,0.536878,0.4847389,0.4296727,0.15874565,0.42778322,0.47048625,0.5529379,0.5025902,0.4029979,0.3022036,0.5001938,0.57317007,0.5623141,0.46882182,0.56021935,0.48606336,0.55733055,0.48075977,0.34990814,0.38260788,0.270242,0.4586027,0.46180448,0.4217495,0.4560585,0.27131933,0.50410503,0.42343935,0.5258027,0.52271914,0.369943,0.4761459,0.41847518,0.20037772
c5c4a7fd-8f23-dc87-37cd-d5b4aa1ea754,0.49860427,0.4932051,0.4976119,0.5266905,0.52580106,0.4621663,0.44766268,0.42968747,0.51370287,0.30070212,0.44590986,0.4963849,0.61892533,0.25679064,0.52682585,0.3987761,0.53062636,0.5967526,0.54235494,0.44606274,0.6179669,0.5645692,0.62982637,0.52472675,0.49786553,0.46667552,0.25212535,0.44231236,0.55679774,0.24941297,0.38763008,0.25041947,0.5229942,0.4291299,0.4261306,0.65097296,0.37483668,0.4687499,0.4362471,0.28224444
c5df50fd-2061-785d-8e03-ef304f81c03b,0.55831856,0.52580297,0.48205957,0.44678277,0.55386275,0.47793338,0.5962873,0.48470864,0.5555089,0.2212215,0.43096963,0.5084521,0.4377264,0.47685423,0.40773576,0.28380296,0.52482986,0.43757936,0.5947915,0.4673866,0.45492965,0.3435328,0.36759824,0.4942774,0.39440343,0.4032725,0.41799858,0.5505751,0.45627934,0.4124607,0.46644896,0.403049,0.30734798,0.33247077,0.50885475,0.4733972,0.26076293,0.4680524,0.46654686,0.3358845
c62964b8-8069-d8b4-bd8a-e9d604ce409b,0.48830676,0.54768467,0.49137026,0.4063848,0.40180865,0.4308411,0.27717674,0.5122597,0.33226022,0.115377314,0.5052434,0.41780722,0.10905893,0.5636591,0.33282354,0.2190464,0.43034688,0.09393014,0.4609562,0.49879614,0.26010674,0.2801822,0.3481878,0.40410456,0.3371423,0.49135688,0.2758705,0.22447363,0.48539108,0.62491894,0.23997894,0.58861667,0.4520628,0.5353416,0.3953437,0.13109371,0.19487602,0.24915002,0.378954,0.084128805
c68bdb7c-1d1c-6d33-4519-b3e810656252,0.546668,0.3765924,0.4965344,0.59137374,0.37426493,0.51924556,0.5737572,0.5560017,0.5114336,0.18351726,0.49665534,0.5107513,0.6011039,0.45541987,0.4155411,0.35389063,0.60435444,0.66088265,0.517105,0.48919675,0.6424193,0.52369314,0.59920585,0.5157672,0.40529674,0.6095887,0.2849694,0.606668,0.48320723,0.38766024,0.3852411,0.27778852,0.5755944,0.45505965,0.47507596,0.42693916,0.56154597,0.43143633,0.45090297,0.19441287
c6f55546-d0f8-fea0-d392-6d5c6d648d3a,0.51693887,0.47601125,0.5896556,0.49688467,0.3568106,0.39711598,0.43456018,0.48392373,0.6970306,0.3957786,0.41929615,0.58852434,0.51012105,0.13654006,0.52447444,0.7470107,0.5524771,0.4857775,0.53056204,0.39263126,0.47475654,0.3874336,0.35878983,0.5094293,0.6299639,0.58401006,0.100254945,0.31431347,0.46440288,0.109343894,0.5698648,0.095916085,0.6225549,0.48461208,0.3179162,0.3331146,0.556946,0.45938465,0.5078404,0.099584386
c74b87eb-97f7-c5cc-cd15-6645bc19ef91,0.53130865,0.2530977,0.458135,0.47365692,0.36691028,0.5453518,0.6771755,0.47186297,0.40527812,0.15651417,0.44361687,0.6349078,0.38027486,0.6072519,0.44967836,0.27376613,0.6643847,0.3186047,0.53853333,0.5290428,0.5513698,0.33783644,0.4784715,0.488626,0.3326458,0.5890348,0.42321214,0.55328244,0.5546076,0.40131843,0.3931949,0.38688806,0.46409038,0.4263537,0.4367812,0.3147577,0.28159603,0.24477518,0.2689006,0.34749913
c7542100-62c5-b736-9208-f0b9b2b6c6df,0.51482326,0.5062723,0.5094815,0.57680047,0.5665754,0.5477307,0.49650607,0.50702417,0.46419474,0.19396701,0.44912896,0.4575358,0.4791105,0.44377145,0.5193229,0.3947073,0.4973574,0.47225377,0.52237403,0.4369501,0.54799056,0.46284303,0.50737906,0.48047206,0.43148577,0.40930894,0.29824606,0.46050724,0.54530406,0.38918096,0.49508289,0.25963205,0.38664126,0.39952374,0.43997356,0.49034846,0.43818974,0.5664821,0.5637018,0.22757402
c75d7332-fcfd-d3cb-7fff-4e9b871f1d19,0.50827897,0.4791278,0.5316544,0.51113904,0.5792261,0.48259637,0.6130118,0.4749078,0.6078883,0.34668553,0.4101452,0.4494106,0.47059712,0.31793624,0.6262399,0.43448603,0.55602944,0.42130962,0.5151481,0.43013483,0.41482452,0.3586454,0.39739215,0.55385303,0.59910005,0.5633661,0.2399957,0.5152265,0.4926632,0.2250118,0.6997958,0.19796912,0.45900568,0.43255168,0.3812305,0.34972268,0.5571315,0.558609,0.48025158,0.26453772
c7fff683-fd1b-f937-71ae-a490a80c9197,0.5271392,0.48023805,0.5045514,0.6022077,0.32210332,0.48102283,0.39730954,0.58476466,0.4995811,0.23686168,0.36113855,0.45946178,0.47240165,0.3853499,0.47834128,0.4304651,0.604722,0.48350358,0.524717,0.41835597,0.51485056,0.47766992,0.534798,0.4738547,0.54281545,0.4999287,0.20006391,0.42795435,0.4624036,0.34955946,0.42003238,0.26636097,0.6225281,0.52070314,0.27786407,0.35893247,0.5652038,0.37770313,0.29859775,0.22154534
c8481c30-a56f-85ee-98c0-23274d625cc0,0.58000404,0.4251065,0.51068985,0.5860167,0.30888185,0.38044256,0.36452064,0.5184554,0.5113402,0.31655076,0.38206318,0.5166618,0.23664635,0.292082,0.43963042,0.5927352,0.6398119,0.3274473,0.49982733,0.4323744,0.36289236,0.357543,0.34904915,0.45141193,0.49244896,0.49005955,0.1130903,0.2358336,0.5099835,0.23456182,0.5077808,0.1276635,0.42569146,0.60687214,0.25510508,0.15466891,0.5176703,0.41546914,0.33834577,0.20526221
c9332015-f09f-0168-2b97-f3808282e2a1,0.5127454,0.5161276,0.5945887,0.46659613,0.400396,0.31944013,0.43054882,0.46117848,0.44014105,0.13665058,0.43521404,0.47410777,0.40936494,0.4269767,0.49320602,0.2599827,0.41104665,0.41299272,0.6251952,0.50233704,0.58162284,0.5037534,0.5595442,0.50704116,0.22672516,0.3283067,0.6409689,0.39765254,0.56332105,0.4730273,0.38713652,0.38371828,0.4026557,0.39832324,0.32986122,0.38649336,0.43229827,0.30681753,0.26945737,0.58069026
c9359c09-245c-0f84-602d-32b9cb35ac98,0.5106783,0.4021308,0.42386127,0.43285388,0.4677257,0.50307083,0.45668235,0.52399313,0.4251549,0.22170065,0.45683247,0.5601563,0.32733953,0.37778565,0.4523491,0.35204417,0.40977767,0.31461194,0.4553108,0.34173822,0.4637137,0.41946718,0.4467986,0.4976713,0.41702724,0.43148693,0.33665404,0.35252136,0.55302763,0.3397462,0.37695524,0.40354604,0.36175582,0.4400522,0.48379564,0.41412055,0.33936617,0.2216116,0.3424598,0.16740519
c9549ef4-bd8a-c607-0387-d4e414d53860,0.49706995,0.48165902,0.50091755,0.4701367,0.54260826,0.48654872,0.57295406,0.5644246,0.585859,0.6127199,0.44386348,0.50397843,0.4474901,0.331669,0.59688073,0.5177938,0.6021039,0.4390825,0.4322132,0.46253434,0.4428874,0.45647013,0.44470406,0.45672423,0.5302853,0.59080786,0.17880365,0.52485985,0.5097145,0.17961721,0.54652745,0.26222667,0.52505904,0.45973924,0.47576648,0.4745695,0.43530872,0.46422932,0.48868304,0.11849171
c9b44e2d-5c07-1436-164c-ab3b11a0ab17,0.5165945,0.6475905,0.53751427,0.46730173,0.53975874,0.51236236,0.5206666,0.52649033,0.5888423,0.36211205,0.56027955,0.59083676,0.44843644,0.22163561,0.4941877,0.49784425,0.50331086,0.4495097,0.53031385,0.3855522,0.40294504,0.4065194,0.43637684,0.45811304,0.50857395,0.43318257,0.20132273,0.45906094,0.43465975,0.24412365,0.4321869,0.2298924,0.42072845,0.42265692,0.4368183,0.46867514,0.41780615,0.44391084,0.41731918,0.18540713
ca823919-68ac-65f0-cb30-eb4aefce987b,0.5308877,0.50739175,0.5063951,0.57873803,0.55692136,0.5603672,0.55704504,0.36734268,0.6042731,0.28489962,0.42101213,0.5284675,0.6073244,0.39097485,0.5684474,0.43802398,0.5458018,0.5364739,0.55199283,0.5447301,0.3971604,0.4399515,0.45843396,0.4736696,0.55234355,0.4765225,0.18150745,0.5157566,0.42940092,0.36068946,0.5793872,0.1867056,0.567315,0.48656026,0.38817662,0.54874355,0.345565,0.62070817,0.6612548,0.11313325
ca9df6e1-d8d5-4450-7ad7-246de200e9d8,0.4637757,0.5271697,0.53307676,0.57344395,0.48648337,0.45352936,0.49327645,0.5540021,0.5022919,0.15605246,0.52064544,0.37268028,0.52346724,0.49853742,0.43843848,0.29174677,0.47811794,0.42552796,0.49866924,0.5319314,0.5000678,0.4556314,0.5424256,0.46329725,0.45646462,0.43038124,0.35238054,0.458355,0.51077515,0.5312167,0.3888086,0.3338461,0.4278122,0.39975265,0.49523082,0.4802696,0.4180935,0.469697,0.48198718,0.14618208
cb20addb-bdc5-fa80-eca2-295c6502c457,0.50348836,0.42345837,0.48934108,0.52340865,0.45729637,0.53590935,0.57260805,0.40041524,0.5742887,0.26481685,0.45836928,0.51992023,0.60425216,0.27125674,0.57637644,0.41067645,0.56633925,0.58007735,0.51122624,0.50495815,0.49604487,0.3995911,0.45223492,0.53769094,0.46190396,0.4786047,0.35763246,0.5411541,0.4815316,0.2131023,0.45753372,0.21987568,0.4635179,0.4675052,0.30111077,0.43307284,0.5016477,0.43246543,0.39128986,0.22958103
cb68e867-91ce-9592-7e84-dafc3d7f8f5e,0.54274684,0.5215357,0.54260576,0.5291601,0.44073763,0.5068751,0.45667368,0.61129874,0.5286214,0.31773832,0.51073354,0.5102527,0.4694433,0.2497533,0.4895147,0.3776557,0.49473786,0.45706815,0.52236587,0.44141188,0.48994094,0.41015002,0.4874709,0.5693097,0.4603908,0.48778656,0.23664396,0.36105675,0.47647732,0.28341857,0.41120103,0.2274197,0.56553495,0.46562818,0.3385985,0.43291035,0.47654876,0.34691876,0.38301313,0.28141382
cb9cfb7b-064e-ea9f-2451-22af6036b96f,0.50595874,0.5220869,0.52891755,0.45648056,0.46278763,0.4864289,0.50243026,0.57559055,0.55836517,0.3578029,0.5721768,0.46829847,0.34846315,0.24802113,0.49477476,0.38890612,0.62147856,0.40548626,0.5471749,0.4665121,0.33778265,0.33703467,0.36580896,0.5712066,0.52690804,0.5580208,0.19270235,0.38371158,0.48360574,0.16524196,0.46352476,0.20760186,0.40127963,0.4411936,0.4518579,0.3562576,0.4101623,0.4706722,0.38904732,0.16102093
cc0440b0-07aa-244f-5b6c-dfaee5934647,0.5424246,0.5886194,0.407791,0.3197028,0.0858215,0.3265584,0.16719124,0.6522851,0.37550396,0.11008615,0.56427234,0.27973488,0.045265473,0.36316097,0.1574801,0.13401438,0.25131017,0.072789215,0.35129258,0.45804286,0.07009398,0.0983668,0.08490289,0.48740226,0.18987599,0.38121402,0.14723453,0.087973356,0.28770033,0.44892746,0.20562004,0.6747054,0.23776963,0.5903396,0.6340493,0.054257914,0.27929148,0.15195508,0.13310416,0.121776834
cc09bb7e-fc13-9c7c-6ec6-36aad422ded6,0.48843044,0.42621934,0.4571281,0.40912622,0.41078085,0.42367983,0.43527758,0.5154081,0.4431424,0.21850976,0.40875763,0.4346298,0.31160143,0.6340846,0.3968374,0.2195476,0.37623394,0.23879449,0.48108876,0.5857139,0.36939803,0.40514648,0.4443063,0.4807395,0.34166032,0.3958075,0.42336696,0.49319616,0.5145477,0.5486652,0.34997067,0.62915766,0.46040183,0.47670466,0.56277066,0.27539116,0.25418967,0.17943987,0.24947913,0.2776796
cc2434ef-2091-fc9a-9d09-01af20bf3e6b,0.53588414,0.43486524,0.5106126,0.4617939,0.4036756,0.55141455,0.44307008,0.577082,0.43128031,0.15331747,0.44870916,0.4175584,0.3983041,0.5020271,0.42734587,0.24127418,0.4237378,0.38529667,0.4753471,0.4976583,0.55837953,0.42459336,0.49424472,0.5606705,0.4302683,0.47287735,0.46788326,0.44518137,0.51639235,0.4654263,0.34368914,0.55592453,0.43178815,0.36641672,0.5059482,0.3900378,0.39660642,0.2760963,0.31923372,0.32029924
cc55ae94-c116-5d65-c5ac-4c4ea523d24f,0.51191396,0.49679875,0.48619306,0.541113,0.4669192,0.4644828,0.5397288,0.44097766,0.56371486,0.34461764,0.44889066,0.5672484,0.5023263,0.22775538,0.5017068,0.5024245,0.58994585,0.60497755,0.48909357,0.3803744,0.5568525,0.44111434,0.4909552,0.48947665,0.49445826,0.48933333,0.18571195,0.41721284,0.54996324,0.18909115,0.4559251,0.20543703,0.35813,0.4233988,0.55056345,0.5058785,0.4643701,0.5014366,0.51307833,0.183177
cd38387f-e259-a502-9adc-da5bfd379c3a,0.52488077,0.4541844,0.50680125,0.49799427,0.5152979,0.47123495,0.58133507,0.5125728,0.37549475,0.250697,0.5045101,0.41324452,0.3969164,0.67721194,0.47383875,0.2122749,0.46993127,0.29863915,0.5105568,0.56268436,0.481297,0.48492697,0.5139543,0.42692897,0.30876055,0.43036696,0.4416287,0.54842335,0.45491603,0.52228713,0.29681766,0.4263403,0.49741915,0.46660873,0.52625394,0.44028035,0.3292512,0.3760304,0.32613325,0.24223879
cd3c27b3-ea4d-32be-7120-1e7f2016777b,0.5606491,0.5027823,0.52054805,0.5201125,0.4921416,0.55709285,0.562617,0.47484797,0.40843222,0.18580239,0.45667696,0.39620933,0.48918346,0.56386864,0.5239822,0.28216332,0.41416782,0.4103244,0.5759674,0.4595275,0.50132734,0.48848328,0.48880684,0.4847139,0.39520103,0.40679258,0.3451066,0.5191037,0.4862528,0.51478726,0.4508326,0.3695243,0.4615377,0.35252592,0.46048442,0.47452408,0.36229616,0.46370813,0.48575866,0.28524688
cd59c9f2-6d51-ff9f-89f5-844701d05fb0,0.54148257,0.55457765,0.47463092,0.5686177,0.6281775,0.55364096,0.517468,0.42112306,0.54370326,0.23160191,0.44171476,0.4359338,0.46221542,0.6160692,0.51920795,0.25851277,0.40899512,0.42569014,0.5801662,0.5426415,0.41394275,0.41988453,0.4743238,0.42709363,0.47293174,0.45456883,0.35645208,0.6288199,0.46298304,0.6035777,0.55010235,0.49000835,0.48272413,0.42967683,0.46531516,0.5015647,0.3313045,0.5017327,0.5309209,0.22584374
cd72039d-f8c3-6fb1-896f-1a16016191ab,0.477363,0.4106519,0.5585078,0.64847827,0.47831225,0.48712006,0.43107334,0.45313466,0.549785,0.42284688,0.48166168,0.4964875,0.64679754,0.28118563,0.5261279,0.51090056,0.63897294,0.6343227,0.4591219,0.4481265,0.7311638,0.6581088,0.7313564,0.47450936,0.663753,0.61160624,0.15115622,0.43280852,0.37804642,0.27390286,0.45784417,0.16124794,0.61195266,0.4708713,0.44051102,0.49555674,0.5824422,0.50477237,0.61635196,0.11885776
cd803c46-257c-71a9-a46f-836241f592ba,0.53164953,0.5041013,0.515925,0.4272757,0.31497797,0.47237706,0.48780635,0.50565296,0.30560473,0.10598365,0.43138513,0.36011055,0.2842482,0.69168675,0.36960664,0.12657198,0.3800496,0.24075745,0.50875705,0.54494923,0.4820987,0.40961796,0.43782994,0.46956354,0.2413195,0.3727041,0.60934716,0.41127607,0.48474678,0.65104055,0.3661722,0.6446972,0.3257905,0.30444574,0.5683987,0.29347765,0.29691765,0.24090952,0.2823598,0.36932185
cda99814-5788-fcd3-3de7-f7cf9d57f4d7,0.5350897,0.5325005,0.41647387,0.58694726,0.3570596,0.3004777,0.3555435,0.31136176,0.2962435,0.16312015,0.39391184,0.25924554,0.29528898,0.6640084,0.43208015,0.123192385,0.2528623,0.17289978,0.51350105,0.585581,0.35367295,0.3637497,0.35242143,0.44164088,0.14909959,0.305556,0.30398136,0.29093727,0.41799566,0.62612337,0.41413644,0.44589725,0.27566805,0.5136312,0.37901676,0.28592345,0.45199448,0.2691231,0.14146923,0.7555255
cdb62d24-610d-47f2-f2aa-25be436ab14e,0.4337243,0.41044343,0.50440514,0.44770375,0.26129237,0.2643062,0.33424014,0.46454322,0.39145252,0.04004511,0.48574182,0.36075863,0.108971834,0.6241851,0.18975535,0.110378504,0.28103563,0.10942393,0.47263247,0.6703035,0.20174627,0.2815228,0.23797983,0.41419277,0.1982523,0.40785366,0.48526156,0.23401925,0.42834586,0.80827874,0.24645102,0.67366976,0.38875613,0.53726053,0.450964,0.08418174,0.37855378,0.1566591,0.16065,0.3258029
ce623e7a-604b-d6ca-175e-9f7c25122a12,0.43205887,0.4843832,0.52286804,0.44571337,0.1635877,0.3165304,0.22461215,0.45926479,0.479234,0.056317996,0.5850158,0.36120445,0.13006964,0.60968167,0.16953468,0.11490973,0.3114244,0.117407,0.41456917,0.62305015,0.20726475,0.19752893,0.1864329,0.41405064,0.26087275,0.3921018,0.2687217,0.15899812,0.32883415,0.7180913,0.14364348,0.7315691,0.28783962,0.5370066,0.5927262,0.09311223,0.25228265,0.23190431,0.23771504,0.16687934
ce785d56-cd20-a431-06bd-1f5d366ccea9,0.55692714,0.38194528,0.44183013,0.46103725,0.31381994,0.4068053,0.32053545,0.6378798,0.29084995,0.05975285,0.38827524,0.4750359,0.12753546,0.5195029,0.23263893,0.1332336,0.2914872,0.18769746,0.49020842,0.47021013,0.43164766,0.40406832,0.42454267,0.6228021,0.233477,0.40549856,0.34925064,0.2604707,0.47479463,0.5854386,0.36322,0.56130594,0.6986898,0.4730817,0.39082468,0.1531557,0.36408436,0.16909334,0.25079653,0.19942348
ced351aa-e7c4-6657-1e3d-0f1bfafdc114,0.48711842,0.6007923,0.51066273,0.44530466,0.53309125,0.33653677,0.49911532,0.32108188,0.4482246,0.42147222,0.4405663,0.40124285,0.34824923,0.35877177,0.44369042,0.35599777,0.31193718,0.3880549,0.4808119,0.57362,0.4540494,0.43327308,0.4964591,0.3936789,0.35637963,0.30386013,0.40476328,0.35148346,0.4955783,0.34692475,0.5734858,0.2852368,0.18611808,0.45558915,0.3980167,0.38948312,0.39553308,0.41986075,0.3734031,0.35980204
cf05adcf-3323-a69a-da56-2f2d2cec714f,0.5396009,0.2812711,0.6581674,0.59093213,0.44603017,0.4088318,0.38128394,0.69370914,0.47877347,0.46790665,0.53929293,0.38530892,0.492782,0.31351522,0.4631362,0.47229812,0.5730902,0.57463384,0.43605015,0.56573045,0.73958176,0.67843163,0.7204321,0.48966387,0.610415,0.612082,0.30913115,0.41479042,0.54029983,0.35829416,0.348436,0.32908082,0.52978486,0.47676936,0.4632823,0.25830778,0.7180395,0.24757352,0.3993853,0.23492947
cf8bbb0b-d263-9c01-d3ff-d35b12c58d3d,0.57992196,0.46546906,0.53476673,0.52254623,0.37316403,0.48656917,0.37965584,0.5675165,0.5837451,0.4529847,0.43976504,0.50857615,0.29699603,0.23969737,0.55996484,0.68036485,0.5362519,0.32531434,0.49751392,0.42909825,0.37618878,0.3305247,0.34987912,0.4440852,0.5971128,0.55527395,0.12896115,0.39329988,0.5052688,0.17088875,0.5758479,0.20583504,0.51205015,0.5399614,0.419455,0.27260074,0.5265099,0.3661378,0.3549253,0.1088987
cfa4be31-9f51-8938-f0f4-e41fdd9c05c4,0.53863364,0.53665054,0.5071814,0.58089167,0.5562069,0.5254138,0.55725324,0.56182665,0.52739525,0.3234148,0.48629346,0.45870423,0.64234036,0.39778364,0.52045184,0.4967511,0.5310103,0.60894173,0.505652,0.4523869,0.51107407,0.4823383,0.52100456,0.4638589,0.5909197,0.52869356,0.14885731,0.5609054,0.4670759,0.30383372,0.52216345,0.21472244,0.56632996,0.40716797,0.5067803,0.56018245,0.44707787,0.62319386,0.6349923,0.10746034
d002ef2e-5592-3f83-cf85-bed07c4fb5e7,0.4748752,0.5221281,0.52109295,0.57379925,0.45610487,0.4572837,0.4619604,0.47141674,0.5122443,0.19270186,0.4600768,0.4042447,0.57060134,0.3532237,0.42960095,0.32741228,0.45019192,0.54888105,0.4490046,0.52085084,0.5380603,0.46012324,0.47580075,0.41539937,0.423915,0.43687344,0.3045188,0.42365748,0.47985566,0.30666265,0.41085064,0.23123428,0.49422118,0.48975754,0.35244137,0.52379805,0.36193672,0.41413203,0.46415642,0.15182234
d02b4998-d49c-26f7-2d16-dd5aa4a545a2,0.4988976,0.44141832,0.47962233,0.58049357,0.30663186,0.5035254,0.41698778,0.56254303,0.5010152,0.31176063,0.40980142,0.4571306,0.4528902,0.3240289,0.52331424,0.5081168,0.5909072,0.40056238,0.48111343,0.486785,0.5096254,0.45370016,0.49463418,0.48628658,0.5964205,0.50505406,0.20294142,0.37976605,0.44704986,0.27300942,0.48590425,0.252276,0.5454562,0.5048542,0.35253322,0.303329,0.4746855,0.37248734,0.3020564,0.19452539
d04ed447-16aa-89fc-359e-fe30513b9388,0.54601014,0.42136648,0.5249135,0.56952125,0.6038045,0.6227037,0.48409393,0.5196131,0.51890284,0.5081338,0.5040664,0.6325594,0.57574564,0.16802412,0.5315796,0.6963278,0.5716637,0.61548376,0.45717633,0.3856671,0.68423504,0.5939605,0.6393883,0.48490578,0.6469716,0.5767989,0.07184754,0.37336764,0.46435982,0.1314521,0.4759362,0.16742897,0.64462614,0.40723905,0.4342061,0.57379615,0.48999754,0.6429547,0.6683539,0.045127958
d130a5c2-5892-d5a3-926a-42669c3d4f82,0.55708146,0.46667457,0.46192816,0.5132881,0.6663739,0.5221544,0.5311121,0.4498497,0.530625,0.42542157,0.5169972,0.47741514,0.54196465,0.21983995,0.49971288,0.44093484,0.45195702,0.534409,0.4252779,0.5124373,0.63407326,0.52827615,0.54555666,0.52148056,0.58605206,0.47318134,0.1827459,0.46948558,0.44494545,0.1611239,0.5265757,0.1772041,0.5508615,0.46935052,0.40090972,0.5077139,0.39853573,0.5873771,0.49591795,0.20229384
d15fc66c-ae01-1f28-bb51-976b1be31ffc,0.5564052,0.5462821,0.43894714,0.5124014,0.37799373,0.35832316,0.57390386,0.49139684,0.45027405,0.15830354,0.50432914,0.5048309,0.22350404,0.56857157,0.40041655,0.26313427,0.537168,0.26469326,0.54552007,0.5154148,0.26755497,0.28515303,0.2638746,0.45676208,0.3452554,0.4581976,0.19872339,0.39921966,0.4170232,0.53396857,0.53673595,0.28212705,0.347199,0.58878654,0.5359028,0.23977827,0.27224612,0.4448035,0.4464956,0.1467734
d17d487f-f2e9-4a50-f604-343b2ffd4ea2,0.5092168,0.46089318,0.45486513,0.45396075,0.57952344,0.54564536,0.46999726,0.4090315,0.6049361,0.35480526,0.55704653,0.66164446,0.6000065,0.20197244,0.43757766,0.5956702,0.5761276,0.5726248,0.38192153,0.56531596,0.60145646,0.5759005,0.5466709,0.5837007,0.5528274,0.51083535,0.072424226,0.30947873,0.4249876,0.20176937,0.2787954,0.17235425,0.6478618,0.43249342,0.5103305,0.589977,0.40051836,0.6063132,0.6226068,0.06682563
d2ac5df0-3a67-d0ed-8e36-4c295d66a2b7,0.4942587,0.29612732,0.4632823,0.51728964,0.43257737,0.5223428,0.5184302,0.5497645,0.36137712,0.14319927,0.4250046,0.48223484,0.4189743,0.54011554,0.49531177,0.22001785,0.4328728,0.39226648,0.5278095,0.5679792,0.6444827,0.54318833,0.61326003,0.6060059,0.35641277,0.46574718,0.4806286,0.49977574,0.520015,0.4302621,0.2889419,0.42463902,0.630171,0.5073417,0.24487178,0.36808515,0.34989724,0.25850794,0.29604188,0.48606056
d2e38894-e66a-4af7-e434-0614c5ee39ed,0.5054882,0.28808004,0.5004299,0.628819,0.51317567,0.49439842,0.5908088,0.41600403,0.59777826,0.20461504,0.45163068,0.6156437,0.55415946,0.42277038,0.5896291,0.42909002,0.5603593,0.57558787,0.53852946,0.6105704,0.6407923,0.5572913,0.51333946,0.47622576,0.5246505,0.5032825,0.43450576,0.6170768,0.41766176,0.46032858,0.39517137,0.32352197,0.5930882,0.558532,0.21864219,0.4067723,0.51212335,0.41352007,0.50710934,0.3383354
d3a01806-0ae9-3089-60b7-f177505d30b0,0.48758078,0.48995283,0.51403743,0.65714157,0.46952197,0.5108526,0.48393473,0.63632584,0.6202902,0.24501322,0.44524017,0.4299357,0.6090795,0.3499403,0.609775,0.3893984,0.5633338,0.6072815,0.4998758,0.49504483,0.3345179,0.33491692,0.37946507,0.5014566,0.6104125,0.54960847,0.17819084,0.42378864,0.38149616,0.3734885,0.6186819,0.13968281,0.50083077,0.49884793,0.39242247,0.49367324,0.6122413,0.5959202,0.5930698,0.12899958
d454a65f-6444-802b-8e43-49b27d1fc524,0.539204,0.45708677,0.5488312,0.47036448,0.5172928,0.55181694,0.5455634,0.5046288,0.5952732,0.24554785,0.47367403,0.46659023,0.49061066,0.2714143,0.51979643,0.45230886,0.5611595,0.499369,0.49259806,0.4143196,0.2938721,0.31775692,0.36281085,0.54210985,0.553134,0.63010985,0.22749957,0.55618656,0.49939787,0.19778189,0.6393677,0.16382629,0.5777556,0.46122998,0.36954984,0.44642007,0.4099786,0.40081573,0.48610494,0.09146342
d45da074-f833-0ec0-ba66-53a079aae69d,0.5330647,0.44390625,0.591926,0.4532113,0.50602514,0.50258017,0.3643818,0.5682525,0.34446192,0.12082664,0.41289237,0.39780548,0.28822324,0.6298694,0.3830894,0.25675666,0.47272334,0.22212036,0.53591526,0.54456365,0.5403981,0.5034475,0.5954018,0.5250485,0.33719677,0.5429546,0.34968665,0.43093064,0.5568471,0.61048806,0.35259762,0.59501404,0.68866426,0.4586008,0.42860043,0.30837125,0.24523212,0.27759492,0.2751253,0.12990078
d4750880-1ec9-f94e-85a2-139e276ed987,0.5428026,0.43525064,0.47082463,0.6019899,0.4588706,0.4998645,0.5250506,0.5883331,0.5138624,0.27627265,0.46170515,0.38012838,0.5281522,0.46446893,0.49659866,0.32060573,0.58863664,0.53986907,0.44537225,0.49782866,0.54216015,0.5154144,0.5634226,0.49517855,0.5418305,0.55292886,0.2428622,0.5615839,0.49047503,0.3823215,0.48363173,0.35384026,0.5257182,0.43002632,0.49855953,0.42189854,0.55676824,0.4039899,0.40109506,0.20629373
d4ae9e7d-5966-a304-a14c-db35b0a10383,0.45635697,0.532114,0.5600286,0.46983412,0.59124833,0.49111894,0.45022961,0.41438615,0.47150248,0.6463018,0.46113193,0.5452156,0.45284194,0.2635718,0.5142331,0.63260627,0.55795455,0.4592313,0.56486034,0.4253302,0.5384466,0.5659347,0.6303336,0.40737146,0.5626955,0.45562235,0.11085244,0.38889417,0.43782675,0.19836105,0.5070364,0.17881958,0.6089164,0.40742037,0.46704623,0.39133528,0.43382344,0.46877643,0.4526638,0.0845647
d4ddaa8d-a864-ca70-a56d-e04e60583540,0.5286285,0.51932704,0.49706146,0.6192935,0.54929703,0.5886698,0.6488267,0.359038,0.6381536,0.2162064,0.46789032,0.55974996,0.59212536,0.41334993,0.56924105,0.46672723,0.5458214,0.60848504,0.6251486,0.5451391,0.47537833,0.37653446,0.38947892,0.5079052,0.5119778,0.4393743,0.26365578,0.59006375,0.4464806,0.41581267,0.6197237,0.20317216,0.47952715,0.4950807,0.45375556,0.5349544,0.46694213,0.6922198,0.61222976,0.2282547
d52a9bc6-6c21-f418-9f28-cf23d243fc3e,0.5349664,0.52508485,0.52226466,0.56525195,0.56681585,0.52079475,0.5432013,0.5237948,0.48835236,0.17788482,0.4763748,0.553949,0.43870643,0.6635868,0.47934085,0.39142108,0.54421604,0.3913576,0.5312891,0.5591373,0.55477417,0.48170802,0.52049685,0.41402006,0.5113297,0.44899404,0.255541,0.5418591,0.44948903,0.6221289,0.37906075,0.43375197,0.5503058,0.5810505,0.4291416,0.45996824,0.33121544,0.47896662,0.5032626,0.11348621
d52b7361-7024-2cbd-506d-74020eee4202,0.515573,0.45676425,0.5141726,0.44011885,0.4680869,0.43197623,0.42376667,0.4488941,0.3758917,0.27167517,0.47723246,0.3333856,0.26139727,0.5056012,0.41403285,0.18087792,0.36844537,0.22645935,0.50290525,0.59651023,0.38973624,0.43715107,0.47669154,0.477538,0.29834008,0.36544904,0.52785254,0.4016662,0.54682153,0.5038268,0.46515134,0.53427833,0.3266894,0.3556494,0.55875653,0.29340148,0.35309714,0.23881073,0.2337442,0.379979
d55efce3-1a5d-c125-dbc8-2ffaec91d14e,0.4345595,0.44666025,0.48957115,0.4602311,0.35752854,0.48771352,0.40528348,0.5612309,0.40376008,0.16617312,0.5524889,0.42446566,0.16115314,0.55342776,0.38218558,0.18550754,0.3897453,0.104161926,0.5086464,0.5344233,0.29511458,0.29985923,0.3209356,0.47346255,0.33352008,0.37964764,0.37949774,0.24622469,0.4915058,0.542527,0.22558892,0.5485774,0.42951128,0.48042968,0.39968315,0.18565877,0.21859553,0.23068172,0.23276918,0.20431772
d56d7436-fd92-fdba-6581-095c8a398c55,0.56033057,0.5362583,0.45004416,0.5901814,0.31852847,0.3360174,0.40458184,0.53495073,0.56786525,0.30773386,0.38212124,0.4862303,0.3736344,0.26928544,0.419006,0.5618136,0.58231276,0.39621738,0.5307908,0.39460248,0.40250662,0.30487865,0.38805103,0.46080315,0.5489988,0.59414965,0.08887325,0.28991327,0.47695613,0.26647982,0.57727665,0.15529014,0.6087807,0.5604781,0.4191667,0.23368557,0.55264527,0.4244808,0.304738,0.13928854
d5bf136f-3183-96b3-6c3d-178d154ddeda,0.55093545,0.54402304,0.49663076,0.5514052,0.5740112,0.442139,0.59303164,0.49980178,0.51541203,0.31896317,0.4899455,0.5165583,0.55111647,0.28345603,0.5121181,0.4661966,0.5146441,0.5613291,0.58562016,0.40906537,0.43719116,0.405774,0.44526774,0.52245796,0.51440597,0.5455484,0.121144734,0.45522997,0.4641347,0.24848232,0.63477284,0.13289534,0.5807021,0.4444857,0.4646481,0.5092159,0.43464488,0.6162796,0.5834309,0.14691748
d6171bec-1b35-e080-0d0c-33f928c4b040,0.5281337,0.48165038,0.48123685,0.5038239,0.48982975,0.41830033,0.4199798,0.4532645,0.47436264,0.37197375,0.4492044,0.49266762,0.4974239,0.24612652,0.5162802,0.42071927,0.5211859,0.48858035,0.49078172,0.4493931,0.5106757,0.48246348,0.57287306,0.47949272,0.49542525,0.511255,0.26064998,0.40796733,0.52627796,0.24392018,0.47412038,0.30166435,0.4244164,0.41093045,0.4428934,0.5089637,0.42490226,0.38953,0.41679898,0.21909086
d619e82b-87f7-59cd-83bd-29d998dde81d,0.5062955,0.44745055,0.4113262,0.54208,0.38767135,0.5007658,0.55312455,0.51521665,0.47496572,0.23407625,0.46371603,0.44781536,0.33950692,0.47036463,0.45426154,0.25662625,0.41259196,0.41544175,0.44907674,0.41533694,0.43842453,0.3660997,0.4217621,0.5175402,0.37222287,0.46034634,0.5350654,0.54952306,0.52215767,0.36078233,0.49096388,0.34175315,0.3032496,0.3872418,0.42056704,0.3660484,0.4869529,0.1856341,0.20785478,0.53239036
d624f441-2bcb-b258-6dd0-4b0f5cab367c,0.49117208,0.5530957,0.55253744,0.51258224,0.37984613,0.32304054,0.36682138,0.4061845,0.4498059,0.19111894,0.41265878,0.2720681,0.29388484,0.5289197,0.3948325,0.21067931,0.3658038,0.25563228,0.5424285,0.5557433,0.31713498,0.38573593,0.3512819,0.47164574,0.24810192,0.34438828,0.3603563,0.29051736,0.56858426,0.54418087,0.4634834,0.38181165,0.2332201,0.49389482,0.46430296,0.21781765,0.52840185,0.3151242,0.18924436,0.61050606
d6842ffc-92bb-8c2c-59ea-336db5ec16e5,0.5340982,0.5580859,0.44777754,0.5343243,0.4442918,0.4099635,0.5227325,0.5011046,0.4736292,0.21056014,0.4963106,0.42408764,0.31356585,0.47744232,0.4440674,0.28724986,0.40893382,0.37999868,0.52938896,0.5290832,0.34770712,0.33797643,0.35334074,0.4900071,0.42659345,0.39295357,0.28952834,0.45520747,0.3905865,0.4709325,0.53631145,0.36919045,0.2691439,0.452099,0.5603213,0.2751493,0.39596486,0.44579086,0.41681743,0.30269986
d765e4cc-c7ee-ea5e-13b3-bdb028718f85,0.52043355,0.55222255,0.51343644,0.6263909,0.5205959,0.502877,0.5140078,0.4896657,0.45418048,0.46259323,0.47669142,0.46250477,0.547318,0.2803946,0.5244924,0.5243377,0.558303,0.58144045,0.4773387,0.31843567,0.52384984,0.54303735,0.5911376,0.45430318,0.5928759,0.47034484,0.133996,0.42954585,0.44138396,0.28695348,0.4084423,0.21169877,0.3970084,0.50695723,0.46711582,0.54351735,0.57493836,0.47883248,0.44836414,0.2046915
d76a5009-afb2-63eb-4161-006a2c9332d2,0.47351125,0.5340934,0.56078696,0.41273683,0.5059796,0.47594538,0.5114026,0.5756816,0.4478671,0.7527449,0.5646365,0.57824576,0.24749488,0.3690979,0.58978045,0.45712855,0.5796885,0.24325538,0.50763214,0.40156704,0.3258336,0.41551277,0.40456778,0.43449107,0.4303231,0.63602704,0.100033216,0.45039418,0.3642764,0.23718497,0.48639333,0.3474436,0.48026335,0.39679447,0.5514403,0.34519944,0.38739064,0.3650815,0.45567617,0.0820532
d84ad957-904f-e440-6aec-201073c2dd17,0.5133306,0.5283254,0.46290046,0.5168547,0.47664592,0.5110716,0.5425519,0.51769984,0.49592903,0.36858407,0.44236666,0.4879079,0.45380622,0.39370897,0.4603334,0.3881327,0.55014586,0.43692124,0.5419049,0.45298684,0.5149478,0.51019436,0.49981886,0.46257836,0.47537264,0.5163333,0.20921645,0.50780624,0.47079518,0.3007483,0.47967473,0.3423775,0.53277224,0.3906459,0.5232843,0.39617553,0.390776,0.5217707,0.5567401,0.15074755
d8901b65-a21a-80f2-1507-34893e1e9393,0.45437345,0.44298396,0.5265916,0.440927,0.40430036,0.44096178,0.49561974,0.36129743,0.4728762,0.08937214,0.3601006,0.4965951,0.2810211,0.7151238,0.48722497,0.14613235,0.3083836,0.18025227,0.5405251,0.59321684,0.46596625,0.43399143,0.56055784,0.37764627,0.23412812,0.29058746,0.67243356,0.44202542,0.6097116,0.67054194,0.37992847,0.6939015,0.40189075,0.35344192,0.32268488,0.20050085,0.23509228,0.19199741,0.31092423,0.3142895
d8a851cf-a48c-0500-ad9b-c67f5b51d004,0.5032757,0.518643,0.5144109,0.50741845,0.48049188,0.42799622,0.5520124,0.5263304,0.53070813,0.5303726,0.46386445,0.56074935,0.40892202,0.3523175,0.5580929,0.40908566,0.6033452,0.39620507,0.5087708,0.50818413,0.55665666,0.5550802,0.62137204,0.38196477,0.46224853,0.48887557,0.2890713,0.47527206,0.46321368,0.3395598,0.47483075,0.35466245,0.5023949,0.44340715,0.47430363,0.28641725,0.5281975,0.42655948,0.40180245,0.16748986
d9050b95-e5bc-5306-3420-adaedc23778d,0.564028,0.40050817,0.51006055,0.56921947,0.46974257,0.53019696,0.43234792,0.45537785,0.5572901,0.39191917,0.45181057,0.52857107,0.62726665,0.3505298,0.45905432,0.53397036,0.6000424,0.64083725,0.56341493,0.3942393,0.622964,0.6408775,0.6577623,0.48796406,0.54827935,0.63166714,0.13731627,0.48995638,0.5200575,0.23785572,0.368211,0.2847724,0.73983455,0.47353756,0.40485787,0.48052898,0.4495288,0.4814867,0.46527827,0.11526148
d9245904-7128-3bd6-5257-a0a379cf4cbf,0.50126415,0.43971342,0.42400032,0.5512334,0.5547101,0.5458413,0.55865914,0.49017975,0.5144053,0.3735218,0.4939417,0.45915914,0.57181734,0.31665626,0.58613586,0.42863175,0.48503232,0.4962681,0.41490355,0.49499154,0.50374067,0.5406925,0.5073937,0.4926095,0.5538031,0.47581992,0.18910795,0.46614274,0.44421673,0.23946887,0.46863836,0.2421474,0.5194271,0.36526322,0.48155692,0.5724638,0.3762147,0.39031166,0.45578748,0.14504135
d98067ee-3d2b-315d-cca8-2dfb6ef428ed,0.53258,0.43253118,0.5907479,0.30376205,0.19789816,0.5218171,0.17266047,0.592397,0.40865275,0.052192006,0.5832342,0.34864625,0.08134619,0.52063376,0.23912708,0.09844825,0.18190373,0.10038098,0.31232375,0.49347958,0.12458013,0.11745027,0.13855769,0.5031407,0.23981056,0.29716167,0.5390063,0.14991184,0.554464,0.5556503,0.15146104,0.71702987,0.2054475,0.42736894,0.44043806,0.07411467,0.3759907,0.13334778,0.07625987,0.23277932
d9aa58d1-cb02-24c1-30bf-26713a1d206e,0.54248995,0.46604112,0.49522364,0.6449099,0.5580965,0.531619,0.5317685,0.5092156,0.426441,0.26313022,0.39083168,0.31769428,0.72025,0.41195548,0.43499622,0.3349466,0.62476885,0.7930037,0.5362759,0.38336244,0.5859331,0.4889117,0.6132102,0.5211624,0.53741646,0.535517,0.15429072,0.50047624,0.51642746,0.2538833,0.541579,0.117465846,0.4986064,0.4958975,0.3615935,0.7281373,0.54055166,0.5702796,0.50464153,0.12722492
da16b3b2-313a-7f0d-cb42-39387a0902a4,0.4855017,0.39898005,0.4203813,0.5839739,0.2871571,0.5127564,0.4902907,0.5838366,0.46646792,0.23496264,0.4531928,0.28806013,0.55309457,0.45253566,0.3541531,0.27745813,0.50326574,0.497795,0.42307174,0.4397331,0.36337715,0.44736052,0.513343,0.537272,0.47196501,0.53425133,0.2167125,0.51737046,0.47044086,0.34244275,0.38378176,0.22832079,0.55136955,0.51948375,0.35115013,0.41517538,0.4988544,0.20680761,0.16942188,0.3229164
da3115f6-29b5-6f74-5846-cc5c0d494fb9,0.46992913,0.5363376,0.5113632,0.64166296,0.577236,0.444887,0.62069815,0.56693965,0.61650485,0.30068213,0.45944735,0.47586116,0.64931756,0.3518175,0.61771834,0.5572355,0.5752755,0.64044213,0.551052,0.46138588,0.52215403,0.51550096,0.5295806,0.4734213,0.66552705,0.48526415,0.14424257,0.59236807,0.45240757,0.25916135,0.559377,0.18894501,0.5636501,0.5421009,0.45771974,0.62293386,0.53056896,0.611093,0.62615216,0.11364211
da792a29-135b-8b1f-df98-11840b2a7d34,0.541065,0.49581155,0.37685928,0.5118531,0.51294315,0.3144406,0.56514436,0.41343334,0.42821196,0.26307282,0.5268818,0.51710254,0.38644725,0.36803976,0.4377911,0.328405,0.5560736,0.40481004,0.5223579,0.54343724,0.44222865,0.43700495,0.4546872,0.5303436,0.44825518,0.4351409,0.20127791,0.36672023,0.39502922,0.430756,0.42069578,0.23846027,0.30829343,0.55328846,0.5674019,0.43144014,0.30170885,0.4667775,0.4765337,0.23993461
db062738-3a82-f59d-c4a2-7d6f241f341f,0.5372157,0.52704585,0.5329124,0.3917925,0.40022817,0.46310657,0.5345634,0.5276366,0.469485,0.21106297,0.4692371,0.41414034,0.3375345,0.46442398,0.46557468,0.23301798,0.42737618,0.3353118,0.54163235,0.46180657,0.41940644,0.34822643,0.41136432,0.558869,0.38405538,0.38999042,0.5355525,0.5178959,0.46966332,0.4231153,0.31141758,0.50563014,0.3603933,0.40897727,0.5313067,0.352861,0.36500508,0.32896203,0.2214509,0.32494184
dba86559-f082-5905-b4d5-39124bebf19a,0.513243,0.40020022,0.4482901,0.44314504,0.38345265,0.47641963,0.44393033,0.51862115,0.36902416,0.3885989,0.5662706,0.42439574,0.3994822,0.5418209,0.47273177,0.21811575,0.47850227,0.39134988,0.52791595,0.45742264,0.6048388,0.6455833,0.6804469,0.51596844,0.39823472,0.39943933,0.51730084,0.4710691,0.34315124,0.42602596,0.27744028,0.55664843,0.49535188,0.35372534,0.46034515,0.43828884,0.4485758,0.2385931,0.22104499,0.22078355
dc4d40e7-48f5-9c39-b277-829c104dcd1a,0.5298127,0.5606501,0.43131566,0.60342294,0.52615976,0.47422227,0.494895,0.525251,0.50635135,0.24162513,0.47905162,0.44758844,0.49266565,0.3734812,0.49638084,0.36222732,0.53702384,0.5214027,0.54507524,0.5235369,0.463618,0.468966,0.50244653,0.48075923,0.5157893,0.5771557,0.16331092,0.44115537,0.4300882,0.3077744,0.5162053,0.2744474,0.5438226,0.45311183,0.5131551,0.38946754,0.47736207,0.622816,0.57888144,0.090610996
dc54f75a-6430-4371-d353-0c34923c9a27,0.5310428,0.52112913,0.5597523,0.47879553,0.6455623,0.4364236,0.6246882,0.4407087,0.5833115,0.80587405,0.5030872,0.6859356,0.36320686,0.13005705,0.6333288,0.7264311,0.4945313,0.44171134,0.50621116,0.38918623,0.43892857,0.4052784,0.37661764,0.43238866,0.573516,0.54538786,0.072348855,0.3838828,0.4022196,0.108380854,0.7006851,0.1503999,0.31797066,0.3771928,0.4904086,0.44122934,0.42300022,0.5732154,0.6020025,0.12862128
dc58c60e-5862-4a0a-cd41-cbcbd18bb2dc,0.53061044,0.4678772,0.39721844,0.5005922,0.43428934,0.45181417,0.5139935,0.5611719,0.52300525,0.5639462,0.47054052,0.42374137,0.5561608,0.20920756,0.39624333,0.33936575,0.48109302,0.5912616,0.38762298,0.49266675,0.419039,0.46251804,0.48522654,0.52925575,0.47440985,0.62305474,0.123727515,0.42779592,0.3438325,0.15466796,0.49017525,0.20089017,0.5267686,0.46199483,0.45624688,0.56595355,0.46554652,0.3293336,0.3407226,0.12964249
dd2c4f7b-6827-611c-97b7-807e826d7871,0.4790266,0.4494096,0.54309136,0.43869555,0.41598934,0.3516986,0.44219673,0.36934188,0.3906052,0.210877,0.40046218,0.3553111,0.1671872,0.53009397,0.47343594,0.1799297,0.36950535,0.13575742,0.5068113,0.58626646,0.36292022,0.4422878,0.40823185,0.4432894,0.24604397,0.33849618,0.6752813,0.43778864,0.4797887,0.6094525,0.50952196,0.6006585,0.40254825,0.38009554,0.42002508,0.1611172,0.3111396,0.16680177,0.19588366,0.5069955
dd8edf4e-9105-b97c-9d13-dae8e3ada523,0.47795492,0.4154532,0.4959998,0.48743182,0.31299412,0.39613134,0.5019753,0.5383807,0.41098225,0.20891273,0.50334626,0.38757643,0.3027641,0.6822031,0.32606328,0.20989008,0.40016732,0.34326342,0.5514102,0.5409618,0.42806944,0.31734937,0.4707156,0.53018874,0.31484255,0.44147772,0.48844516,0.46739015,0.49155015,0.5572332,0.25999182,0.50489664,0.39138618,0.4480447,0.58934534,0.24811904,0.42720824,0.16564827,0.11742751,0.47689348
de39bc12-e63d-df5b-4d3e-4b098705caed,0.49293095,0.5532903,0.49487698,0.6011447,0.27107406,0.44708472,0.39917657,0.47220576,0.53222543,0.29036337,0.45358866,0.46505097,0.40313852,0.4351818,0.47725913,0.45408872,0.543308,0.38324305,0.53240687,0.4529618,0.42485482,0.38610867,0.43935364,0.40021655,0.44778773,0.44529575,0.19950536,0.40179035,0.4573214,0.43693963,0.46026048,0.25765216,0.42653584,0.53810555,0.3827884,0.35044453,0.46762636,0.3734624,0.34541363,0.1838533
de66e7c6-8be3-7d9f-e64e-e3403ac78033,0.5657488,0.39906096,0.49125907,0.5594812,0.37727702,0.36522934,0.41904053,0.5395419,0.47604555,0.11193546,0.39822015,0.46557042,0.34720606,0.5602486,0.3413622,0.17598133,0.41947764,0.37168768,0.5552164,0.51956236,0.5360122,0.42579,0.41134265,0.46155536,0.36496678,0.39702335,0.47210473,0.46111926,0.49443623,0.59322244,0.36182368,0.56750345,0.3919493,0.459344,0.46416998,0.23452573,0.40252608,0.2522905,0.25176892,0.5249444
de713898-01c1-58d6-4ab9-11d0337a59f7,0.5402299,0.55070204,0.4736076,0.45744523,0.44186458,0.29630616,0.54039526,0.39919344,0.43444917,0.42313045,0.49222356,0.43948814,0.3014241,0.3154124,0.47174588,0.35760948,0.47448492,0.2626978,0.5024948,0.45604932,0.32109076,0.3170971,0.2990768,0.42724237,0.35366756,0.52378,0.14968249,0.30643868,0.4822465,0.24254416,0.55184853,0.24889584,0.23768583,0.40351513,0.5395712,0.27323365,0.33363816,0.40013608,0.42785966,0.19522984
deb82a8b-5bc6-f9b7-9714-25343833d8bc,0.51046145,0.45668647,0.46952137,0.4807329,0.57942164,0.45409137,0.42418805,0.5018449,0.58958775,0.69572216,0.4540602,0.49277887,0.46449438,0.1249236,0.54912484,0.5601762,0.5490907,0.4850618,0.35045016,0.46821874,0.46340898,0.441697,0.46946326,0.43347043,0.6084566,0.60822487,0.091669634,0.34039432,0.488244,0.08180388,0.58528286,0.15333717,0.5437275,0.43598303,0.39623046,0.48811978,0.48496017,0.5012868,0.47979867,0.08721033
dec4c797-78b2-812c-91da-165fde2acb01,0.42500925,0.5477331,0.51366234,0.5414866,0.5887104,0.5914887,0.62263,0.49419174,0.55267054,0.3557824,0.52203214,0.6826325,0.38289016,0.3982729,0.61174625,0.49847037,0.482571,0.31627247,0.64071566,0.37538114,0.40709078,0.46395382,0.4529795,0.43472922,0.53460974,0.38725,0.14130515,0.5170273,0.406553,0.3321602,0.5170934,0.36427185,0.5892367,0.482172,0.37003037,0.36245236,0.33849052,0.4974121,0.6064685,0.10313172
dedd5667-b0fe-bf46-2c2a-2dc7f07e57b5,0.49821824,0.38878128,0.46711004,0.6261005,0.4394113,0.4215909,0.51885885,0.5002833,0.47945595,0.1515833,0.46776274,0.4706752,0.62086487,0.45333573,0.50662637,0.26440397,0.5429796,0.53693753,0.4928722,0.58835214,0.5922625,0.5465391,0.5939102,0.54894495,0.4773545,0.44376495,0.40603554,0.5611494,0.48342282,0.4485999,0.333099,0.28041145,0.5688469,0.60798347,0.32160294,0.4984534,0.49054432,0.3432993,0.34550303,0.42194885
df07c2e3-f9a9-b368-3bf1-b521663b055b,0.48749346,0.5441978,0.5170045,0.5766473,0.6334994,0.5673174,0.5787036,0.4902938,0.5545436,0.23966712,0.4188958,0.49694416,0.63239795,0.37612313,0.5131858,0.4808996,0.56836855,0.6371916,0.5472255,0.46628413,0.52883923,0.4852733,0.57673633,0.51361656,0.6383141,0.5384104,0.23345111,0.64826053,0.47259998,0.31297895,0.5219738,0.22631675,0.58362436,0.45135337,0.44554788,0.60241795,0.4259595,0.5976165,0.6328994,0.14923818
df84318d-7420-5f96-1174-722795045c4f,0.52895737,0.4786672,0.44633758,0.4498206,0.46047866,0.51869476,0.58519095,0.42582256,0.5641099,0.20067284,0.4405154,0.5519554,0.37988678,0.40051374,0.48621267,0.32099035,0.48529527,0.38561758,0.5429255,0.47891936,0.40212068,0.40342182,0.39663637,0.5083104,0.43569887,0.38144636,0.4416912,0.50781417,0.475276,0.41143757,0.43038508,0.32341275,0.43485618,0.47775558,0.44686362,0.40420902,0.27393812,0.32685617,0.3985349,0.25328067
dfad1eca-b35d-480c-1b33-9a8b19ba6d95,0.5397388,0.5183531,0.6008518,0.60025144,0.23635213,0.34891158,0.4141737,0.6003849,0.555142,0.41769314,0.35187468,0.4999982,0.3956485,0.2563571,0.52709544,0.555325,0.59947264,0.45251837,0.51361114,0.35787758,0.51103956,0.37519875,0.46075436,0.40213647,0.47419414,0.5237373,0.14237168,0.23914455,0.41016614,0.23197594,0.49234873,0.12667069,0.47203827,0.55280876,0.31567666,0.18598507,0.7075582,0.33938128,0.2691014,0.23880798
dfd2cc2e-1f6a-80f1-7755-c8e6e5d2ba2f,0.5334309,0.49576515,0.48318157,0.56942093,0.4612066,0.5246556,0.4798809,0.44732308,0.5454213,0.39329788,0.43074813,0.55323637,0.58089185,0.2776661,0.5550621,0.48131976,0.5529786,0.59536487,0.5227696,0.4105637,0.6297612,0.5696608,0.58715606,0.47688764,0.5234562,0.5036645,0.18689194,0.48427603,0.47831064,0.21508537,0.4698399,0.22534584,0.5389856,0.426893,0.38196927,0.6050945,0.44125643,0.47677034,0.4822833,0.19149433
dfdf27e3-653a-7182-06e5-d81547d96579,0.47043696,0.55183923,0.53261566,0.52532554,0.4047053,0.48497003,0.450981,0.46232244,0.46223727,0.22005607,0.5132117,0.5318784,0.25049934,0.48149657,0.4663417,0.35201043,0.3648804,0.20657016,0.54708815,0.3949226,0.2891867,0.3317992,0.37498254,0.41864836,0.453184,0.35749048,0.21336387,0.34517315,0.42764702,0.46291304,0.3710593,0.38526657,0.43307298,0.50085735,0.33779037,0.2952598,0.30757657,0.37243265,0.3663217,0.19456984
e014fa62-cfc7-20ea-3c7d-fb0e39054d8f,0.54245734,0.50692976,0.47579217,0.394153,0.4010726,0.30097115,0.42060193,0.48422983,0.32929844,0.19980116,0.4692818,0.49981064,0.13479076,0.50760156,0.4252975,0.18136472,0.42668533,0.16043341,0.5915905,0.55747646,0.35974595,0.44615906,0.46900907,0.4556226,0.24972391,0.392641,0.5689073,0.32912147,0.38714385,0.51242846,0.33885053,0.64475846,0.33405897,0.36474296,0.47024867,0.15732363,0.35218415,0.257457,0.25307974,0.23661853
e01a35ad-072a-9cb6-5dad-55ff5a28c9a1,0.5526501,0.50509626,0.44585967,0.47675103,0.5022227,0.53938705,0.4774882,0.36762246,0.30956054,0.20353423,0.4139578,0.41003537,0.27311364,0.57176816,0.3512537,0.2318004,0.2767494,0.28455964,0.5275044,0.54560626,0.41691878,0.3519224,0.43431646,0.41650555,0.2982447,0.25829133,0.66523075,0.35658166,0.55332315,0.48183486,0.3748493,0.42803147,0.28319398,0.3434814,0.45574328,0.3422733,0.21960194,0.2775806,0.19223908,0.36349925
e01d5fa2-e2eb-f23c-2de0-6a5c0d44a7ac,0.52884215,0.47340608,0.4922358,0.32789445,0.5067291,0.49761567,0.3979238,0.46391472,0.40888238,0.34636396,0.46292937,0.3765094,0.1455672,0.3452105,0.30734485,0.32304716,0.31294894,0.21031402,0.42105636,0.49429464,0.36665943,0.35529825,0.32572874,0.3980121,0.30765834,0.42599413,0.4415472,0.2933223,0.47090366,0.3822407,0.49366474,0.46303925,0.2463903,0.43874624,0.54142934,0.25397682,0.32894456,0.32216123,0.2359742,0.22585633
e05609f1-2c1d-bd65-7578-c5bd3b7a93eb,0.5685619,0.5039901,0.5277707,0.6648151,0.5402053,0.5177947,0.42914504,0.4661931,0.5590013,0.259565,0.42434654,0.46521294,0.72587794,0.4436005,0.47157186,0.34911,0.5361205,0.69584954,0.6267042,0.518206,0.66237766,0.607626,0.65901226,0.59330815,0.66356236,0.49617186,0.19642562,0.47067744,0.45941538,0.45565605,0.49416366,0.20685308,0.72683436,0.4491102,0.30886343,0.6555158,0.4301238,0.5679171,0.5784311,0.15797827
e09af5fe-01f1-8023-149f-140b8d028c86,0.49556774,0.4789581,0.5410174,0.33582875,0.25117737,0.3231967,0.36862916,0.43758017,0.40062544,0.18125613,0.36118746,0.33486405,0.16135967,0.54976493,0.4282944,0.12628338,0.33869353,0.14203757,0.45293397,0.5757501,0.37464404,0.31134138,0.39985391,0.40300828,0.14179292,0.28580672,0.73993903,0.25141075,0.5980345,0.51238656,0.4435061,0.61524224,0.2526492,0.37519374,0.40125963,0.13492553,0.27369595,0.10715968,0.11423863,0.473467
e0b70fb9-26b4-ba69-9f3c-79b1c100f6f4,0.50120455,0.4143901,0.52627844,0.4497789,0.28375632,0.46668944,0.43130106,0.5617941,0.6022156,0.4637315,0.3414113,0.51015073,0.39245382,0.14644654,0.5546582,0.5853445,0.68341506,0.48077288,0.44047755,0.36906484,0.39314258,0.2548706,0.3106921,0.5571719,0.5972409,0.6775974,0.11610458,0.30127513,0.5078108,0.071278445,0.61557263,0.114683196,0.52298826,0.47271723,0.30345553,0.29485387,0.5086443,0.31766608,0.31188577,0.124355406
e0b81f75-6315-842d-8d31-a191df7c5bf1,0.5102601,0.5479515,0.455439,0.5720764,0.61361367,0.41765362,0.58854103,0.4794263,0.56053793,0.34808916,0.3743809,0.48644868,0.5965926,0.28930876,0.6199299,0.5110228,0.4944013,0.557156,0.5611905,0.44131643,0.49596423,0.4556016,0.5292419,0.47116747,0.5608142,0.5244794,0.1803518,0.45383656,0.48063257,0.22026218,0.7397369,0.120588504,0.5995107,0.40982267,0.3594753,0.49709904,0.5559621,0.62934643,0.5835009,0.15385607
e18687db-4efb-ce7a-ea0b-f2c911d77946,0.55776125,0.52207965,0.54412013,0.5303634,0.57337815,0.52651125,0.56545746,0.5419375,0.5286615,0.2908955,0.47695294,0.41281968,0.53230524,0.47737727,0.5271165,0.40508276,0.4956087,0.51479685,0.5627887,0.45828488,0.51520264,0.52988017,0.54143137,0.46246225,0.50857323,0.49327412,0.2816253,0.5875654,0.52510107,0.40439257,0.5961662,0.28449214,0.54296625,0.38878497,0.5070968,0.49674997,0.47396415,0.53012466,0.52265537,0.19181816
e1875ec6-e10f-c9d8-d388-fd3abfbc4a87,0.49973193,0.4817845,0.56792086,0.48604107,0.5861996,0.49736837,0.3942342,0.44599375,0.5643202,0.46940348,0.4581187,0.5726174,0.47595555,0.26400915,0.5960591,0.4212048,0.5606373,0.45733956,0.5377395,0.46251875,0.6291373,0.63814574,0.6483032,0.483479,0.53882766,0.47793978,0.19951163,0.45726258,0.529136,0.24352844,0.39836228,0.34757635,0.5520658,0.41698432,0.38902247,0.57218987,0.40068495,0.4699334,0.5065969,0.1939753
e1e85c51-3926-c2e2-3e79-e61d8d367415,0.55837816,0.420586,0.35202572,0.57994395,0.3161387,0.39385748,0.4861086,0.54108363,0.39787716,0.15516528,0.41625917,0.36467624,0.48939875,0.3433801,0.33980566,0.24873412,0.3286518,0.50821906,0.4107892,0.43225884,0.38341188,0.3354968,0.41946617,0.4669439,0.32765418,0.43515345,0.31449533,0.48810166,0.48547837,0.30113667,0.47041798,0.22320913,0.4493269,0.47119254,0.37696967,0.3918966,0.38046893,0.22725525,0.2670335,0.2888113
e2325016-2063-a85f-0015-29d3ae7b7c5e,0.5284455,0.53207034,0.5303027,0.39206424,0.3227065,0.47750133,0.46598873,0.3860865,0.2954433,0.08478108,0.4384478,0.37391043,0.2767535,0.7409188,0.33246133,0.09689331,0.34778938,0.18893501,0.5489249,0.6072845,0.5226749,0.49070352,0.4905527,0.46799895,0.16544993,0.34759468,0.6375168,0.43587953,0.44337466,0.7392539,0.29672363,0.6915151,0.4463243,0.36415932,0.48735428,0.3036461,0.2499955,0.28978905,0.31628507,0.3844401
e24b3035-68da-2f37-97b8-e3eb90609b61,0.5256931,0.5891681,0.4799645,0.57467407,0.5068755,0.3885871,0.48906663,0.44993418,0.48268667,0.22746241,0.4132312,0.39753014,0.45452476,0.3031192,0.4901863,0.348367,0.39707142,0.45601144,0.42883816,0.49604693,0.46635866,0.47355872,0.42483374,0.38718584,0.3573891,0.31612694,0.273606,0.45142362,0.5438013,0.30855042,0.52447295,0.20914605,0.47876227,0.54692894,0.31005687,0.46704653,0.3574912,0.36237526,0.4652806,0.14807841
e27d6ec0-2aeb-447f-eae2-c167e68b7f07,0.46177748,0.47298744,0.4689294,0.48043647,0.46238056,0.42969173,0.4940555,0.48301047,0.51275617,0.18488969,0.4230414,0.49934617,0.45461643,0.36484772,0.39756322,0.27596283,0.45861197,0.43940783,0.47173104,0.50159407,0.47902766,0.45321533,0.49337405,0.47833768,0.4393374,0.45792815,0.4309937,0.419869,0.4509613,0.36160117,0.3601774,0.37650496,0.4797911,0.40132874,0.41625616,0.41853738,0.3675843,0.29757813,0.34890336,0.19934228
e29b221d-39da-889a-837c-351b613af935,0.47643337,0.5259161,0.52054274,0.64759934,0.57475257,0.569552,0.53931427,0.38908726,0.5235444,0.2108476,0.47000965,0.49954283,0.45757845,0.66218626,0.53480476,0.3486669,0.4022305,0.37219545,0.56379247,0.5305607,0.5581815,0.5494695,0.5186992,0.37124088,0.5276888,0.38615707,0.26791716,0.58128655,0.42436182,0.62419295,0.4665077,0.52639884,0.5793239,0.5074751,0.3464594,0.40604773,0.30997092,0.46340328,0.59225225,0.18745612
e2af68ff-d601-e069-67c9-e9c2c56277ad,0.48925176,0.46144515,0.48386005,0.49114034,0.52639693,0.47229186,0.4094949,0.44884413,0.57459956,0.514978,0.48156616,0.59517825,0.5648161,0.1766532,0.5646778,0.5318094,0.5906165,0.5639846,0.48795965,0.46674728,0.60969776,0.59832275,0.59996563,0.5180698,0.5796154,0.5061721,0.13962153,0.39366853,0.48287717,0.1723836,0.4086092,0.22241288,0.6137786,0.44056898,0.38855314,0.6077847,0.45659286,0.4364866,0.4275141,0.13114938
e346f117-03c8-5a35-69b7-58c5f0e54bdc,0.52446055,0.4666023,0.51049936,0.5468747,0.561605,0.5055678,0.5516341,0.5140509,0.6388076,0.4281719,0.42399332,0.490904,0.419431,0.21097174,0.58749264,0.48745373,0.5255724,0.5344287,0.4650018,0.42826238,0.3993836,0.32423228,0.37449917,0.49871963,0.67107004,0.5306459,0.15749818,0.47644603,0.56336457,0.1564394,0.71752316,0.15570462,0.3832268,0.46514025,0.39106855,0.42162395,0.55924046,0.5692064,0.60873955,0.15870394
e3499a03-c095-c3aa-3d84-9737b3119a40,0.44305268,0.5667748,0.49513575,0.45223275,0.46327934,0.49081364,0.5129822,0.5149893,0.43583667,0.3535604,0.46319664,0.61704636,0.24371381,0.40765718,0.46301615,0.42878968,0.4533247,0.19772716,0.5982398,0.34367287,0.3672984,0.3900252,0.47478452,0.43490767,0.4769818,0.39157182,0.19048761,0.36597717,0.4470656,0.39813253,0.4444859,0.4126284,0.43914512,0.42749807,0.4248843,0.34457862,0.32445502,0.36568648,0.33381367,0.21743123
e372f90b-7be3-b19e-faaf-dc601db02102,0.5295805,0.2941093,0.42032906,0.4483211,0.37862268,0.45414427,0.41123942,0.55066574,0.32458267,0.21850705,0.40206054,0.5625702,0.17407866,0.36355826,0.34994337,0.25170112,0.33889943,0.177304,0.5110223,0.46199238,0.45826036,0.32035762,0.41057053,0.621103,0.32422066,0.47966528,0.35981977,0.30933222,0.57598287,0.33086112,0.4232152,0.57067883,0.6345914,0.4130799,0.3308084,0.14513482,0.29289532,0.119261466,0.19741659,0.30653578
e390edb6-1c08-4b2d-dfe7-06eb2d003bd8,0.50289047,0.5025221,0.44650003,0.4721176,0.48279724,0.40962675,0.49059296,0.40897766,0.45662048,0.34635994,0.43939906,0.41758093,0.43274707,0.43392992,0.42055497,0.3585084,0.4170337,0.4516177,0.4734087,0.47767785,0.58131015,0.50347143,0.5503734,0.4772757,0.4066277,0.36615062,0.305225,0.39930162,0.4582093,0.39008242,0.46326444,0.402171,0.30060887,0.3829454,0.7184388,0.4192218,0.4451259,0.38318956,0.31123677,0.4554087
e3a5bc4e-6fa9-0daa-e082-5a0be8d6a2f7,0.52472556,0.5068406,0.47697848,0.48952076,0.18374626,0.475628,0.38767982,0.53378564,0.38593915,0.20183259,0.3464807,0.3218226,0.23572169,0.523989,0.27267504,0.29427037,0.5190953,0.3131471,0.5059148,0.3714463,0.30278078,0.3195886,0.33214015,0.4407994,0.26762706,0.45866036,0.15837198,0.23846497,0.44570014,0.41530254,0.5162748,0.20872986,0.40375194,0.5684505,0.47794273,0.20373785,0.465049,0.20870802,0.092797875,0.32169157
e3ff37bc-77ef-e85b-850b-ad0b6c849821,0.48902655,0.4036091,0.5339496,0.6051446,0.40271178,0.558455,0.57010806,0.414725,0.49059585,0.11194225,0.45124438,0.5772414,0.55296737,0.3650718,0.5448799,0.3749289,0.6231646,0.58477306,0.51679236,0.39029512,0.65257025,0.5437685,0.513461,0.5317336,0.45862198,0.48601773,0.38355273,0.566563,0.48745483,0.31654504,0.40353274,0.2488901,0.62494963,0.4563437,0.3718371,0.44945323,0.4422216,0.29725465,0.49840602,0.13761264
e4aa3da5-5600-6038-9b92-a93278fbe3ed,0.5170204,0.55745107,0.49522236,0.47033757,0.4405569,0.38682753,0.40626797,0.5270828,0.46694297,0.24675094,0.452534,0.3810522,0.35490787,0.43212742,0.5174239,0.33642966,0.39971533,0.33674484,0.49173132,0.517612,0.37905133,0.41224334,0.43060663,0.4434641,0.35952505,0.42002591,0.33211187,0.3921187,0.55377805,0.4349097,0.51677203,0.42669332,0.42260578,0.38692713,0.48827243,0.2959861,0.44102484,0.28406104,0.32086098,0.19331467
e56fa7b9-ca69-bd4b-85c1-a631973d6b2b,0.48603767,0.6184098,0.49352103,0.36979985,0.51477915,0.31153718,0.4402717,0.49340132,0.51758534,0.6600291,0.45570216,0.5005394,0.17101602,0.34767202,0.49194023,0.4010212,0.48997277,0.18469791,0.50596344,0.47877035,0.2371579,0.34018284,0.28259137,0.41131353,0.381313,0.5669425,0.1131482,0.33851546,0.41599157,0.21509504,0.6113549,0.34408405,0.34056583,0.4083946,0.458491,0.21018247,0.35107797,0.43955794,0.480958,0.10569679
e57b5f39-e55b-117f-8990-b7b3c8496c68,0.48208955,0.4612662,0.5241902,0.5618637,0.63871944,0.42866412,0.44846252,0.4774445,0.6729085,0.56090075,0.43640426,0.51873344,0.61219186,0.14791858,0.62666696,0.7306483,0.42148727,0.51663494,0.46142015,0.46554413,0.46211073,0.51166815,0.44013062,0.48400712,0.6725902,0.6488219,0.10411759,0.45613277,0.480415,0.08956169,0.59746164,0.14181007,0.69218564,0.46641427,0.3085852,0.5330833,0.59600306,0.6314165,0.6351735,0.07494431
e5abf5d4-6a9b-a507-8c85-fa951133c4be,0.5225973,0.47411957,0.5851738,0.52420914,0.63806593,0.4305384,0.48328835,0.48150375,0.5661137,0.506722,0.4952642,0.61443686,0.3857064,0.22440073,0.5286527,0.7081142,0.46298486,0.3220533,0.5519735,0.43498585,0.49714506,0.50973773,0.44693848,0.3918229,0.4749264,0.55456245,0.09729849,0.40699777,0.51173663,0.13323247,0.5361,0.2531917,0.52876437,0.3705704,0.2957075,0.42425674,0.48180076,0.5903219,0.7130169,0.056728348
e60dcccc-143d-b77b-f1a4-a6ea9f7ca7ab,0.5176306,0.54570806,0.5142955,0.44126534,0.4389834,0.3338015,0.52933323,0.5071979,0.54814774,0.2820208,0.51490974,0.5274337,0.27473864,0.3409068,0.4026253,0.35027206,0.52636516,0.320736,0.5248512,0.46538112,0.29250136,0.31492916,0.36735538,0.4675747,0.40360418,0.52857953,0.21088615,0.3827739,0.4384127,0.30678415,0.49807742,0.2516359,0.32566544,0.46641624,0.48757607,0.23373693,0.3569955,0.4010996,0.43515968,0.1819719
e65c5602-9756-0253-f7ca-7909c62f9fc9,0.48289907,0.5297536,0.5416565,0.5210483,0.41588363,0.52730364,0.49590254,0.5194537,0.34150413,0.18840314,0.5148956,0.577603,0.39662996,0.48912024,0.42569765,0.36389402,0.45228478,0.42207012,0.6070246,0.39912674,0.61190677,0.53874266,0.576761,0.51038027,0.41383228,0.32860795,0.29644388,0.33049467,0.5146216,0.51950765,0.31755194,0.34965628,0.45692438,0.4828618,0.44177094,0.41315952,0.4163649,0.33999664,0.3754553,0.2126251
e7395eb7-661b-66b6-cc17-118f6d7ad3bb,0.55033225,0.48878425,0.51015836,0.519124,0.44125244,0.47263756,0.43618098,0.55738896,0.41726032,0.25467297,0.46483606,0.47796735,0.46250758,0.49195096,0.47711515,0.29221982,0.50582427,0.523572,0.52327704,0.5134247,0.63267267,0.651863,0.68863195,0.4703381,0.32778552,0.37258124,0.45463234,0.49214792,0.45085442,0.5497691,0.3447363,0.44238976,0.5153166,0.3891171,0.5022875,0.4327052,0.46164486,0.28707176,0.3479187,0.34522033
e74e8334-2093-5dca-251f-7ac6ff02f87b,0.50370497,0.52048457,0.43944207,0.5258334,0.31559908,0.27559647,0.35513204,0.36320558,0.32089975,0.10153327,0.45009694,0.23376827,0.2690656,0.6676526,0.3190692,0.13538632,0.19300556,0.15862744,0.5107976,0.5680176,0.28487337,0.40255252,0.2849718,0.47074768,0.1695856,0.24288037,0.42604694,0.2972745,0.39820558,0.7608801,0.35173056,0.60401833,0.2538965,0.4740034,0.5776143,0.16408715,0.44407514,0.15150599,0.1087302,0.8009879
e773a2c1-489c-3bbd-8220-dadb31a6756d,0.5484523,0.44106972,0.44497636,0.4896435,0.51575345,0.48147616,0.4739621,0.55370873,0.39458203,0.4722581,0.49040723,0.47420615,0.37159756,0.34308186,0.52950865,0.46020365,0.5256995,0.37688723,0.4965535,0.39025965,0.4817958,0.46678188,0.48135874,0.48827615,0.5379376,0.4053384,0.2147402,0.44759676,0.4825566,0.21574874,0.40700614,0.3503722,0.38508406,0.43642315,0.48456115,0.38936204,0.42929307,0.38731995,0.39622188,0.15626791
e791826c-265f-f003-9892-0ab7e34f0ab5,0.49840525,0.5524137,0.60483545,0.6724434,0.53586096,0.4710003,0.44776478,0.6273754,0.5951532,0.4086694,0.51528096,0.41143167,0.68532884,0.20894468,0.57082623,0.486275,0.57664293,0.69054455,0.46929207,0.450306,0.4973201,0.5006659,0.58732605,0.49406075,0.6531015,0.5972635,0.10062673,0.40100718,0.4054016,0.23639001,0.55870694,0.11913653,0.58447295,0.45357537,0.37604415,0.56855977,0.6828044,0.57244277,0.5896304,0.09644054
e7a26bc9-953a-f84f-0f07-17529de17d63,0.5069371,0.5351695,0.39699796,0.53323257,0.4747714,0.46005788,0.50222105,0.43189016,0.3979516,0.28502795,0.434929,0.49755606,0.47663975,0.31480157,0.48130223,0.39206916,0.48160934,0.525027,0.5092984,0.3683435,0.57647187,0.53315526,0.6180072,0.51357234,0.38729748,0.4078561,0.25550455,0.41813365,0.49845174,0.25948015,0.42541933,0.29610693,0.3903559,0.36067995,0.5864298,0.4888081,0.4418728,0.38494113,0.34901398,0.29091778
e852f5d1-4a1e-95a3-ac23-1b6a663c8f88,0.53622526,0.47207847,0.5203782,0.4693658,0.32407913,0.39640334,0.5049332,0.50832415,0.34098265,0.09602654,0.45088485,0.43004256,0.37345204,0.6228433,0.41540822,0.16818577,0.37883088,0.37916484,0.5240454,0.49567118,0.59639174,0.5823374,0.6032159,0.5096867,0.1684405,0.25822905,0.6938777,0.44043678,0.48214835,0.6369516,0.2595517,0.5022748,0.41428122,0.40243733,0.44368958,0.33319488,0.40624228,0.23339699,0.24758703,0.5387868
e87a6fbb-f0c0-fac0-4207-93698009e721,0.5226095,0.49512887,0.49408752,0.44365278,0.2513122,0.39384538,0.4375057,0.5268258,0.42664847,0.23320179,0.4664818,0.46300966,0.37186268,0.5577979,0.45657736,0.26506737,0.47772634,0.32699868,0.5475338,0.46228892,0.44242117,0.3755991,0.45032334,0.44925573,0.27417132,0.3475641,0.36081257,0.3920984,0.3766219,0.46007738,0.34040317,0.37508467,0.40037626,0.49246758,0.49176034,0.3338568,0.3542902,0.26890844,0.20283091,0.36496937
e8dcbba9-5cb7-99d7-9bca-eb6772b36df2,0.46926397,0.501011,0.47107744,0.5569333,0.3201434,0.41472542,0.42617384,0.49834466,0.5566886,0.42135397,0.40758198,0.5194216,0.55048627,0.22937478,0.5474698,0.557243,0.5892566,0.59764725,0.49797738,0.4426782,0.53560716,0.49493092,0.5570883,0.4706842,0.5343845,0.47493458,0.1648491,0.3696165,0.44363156,0.19816758,0.45283926,0.16303585,0.53154737,0.49702328,0.42729422,0.522417,0.43287945,0.3636309,0.3261717,0.19241863
e9030db0-d784-d891-966b-2a5cdbeb3669,0.53000015,0.46952245,0.4627055,0.33319595,0.4420773,0.4782051,0.41514912,0.45265284,0.36807176,0.33333737,0.50706655,0.36694,0.17952679,0.43695864,0.3450479,0.25833812,0.34367615,0.15877755,0.41173556,0.53647673,0.31649166,0.30791083,0.290734,0.43940803,0.26386216,0.43142906,0.41627157,0.30595744,0.50426024,0.40659413,0.38773322,0.47600156,0.26328886,0.34176195,0.5601505,0.26517528,0.223473,0.23340875,0.20239244,0.28037795
e91fbb9a-8a16-fb7a-1b0a-d024c6907607,0.5058286,0.34776002,0.5526156,0.49013606,0.32107082,0.3637574,0.48901668,0.46946058,0.3251477,0.07309392,0.45327872,0.42156258,0.35976252,0.6778211,0.38071728,0.19692011,0.36683774,0.29982662,0.45907512,0.6520108,0.6070574,0.45721582,0.5181123,0.49765736,0.27535722,0.3329591,0.6325991,0.44265595,0.47973073,0.6469871,0.19673961,0.64169836,0.44321588,0.48412928,0.48281115,0.24652098,0.36257082,0.18372642,0.20591943,0.5250917
e9bebfd3-f53d-966a-0809-b42a3d7f08e3,0.4479044,0.457604,0.4747961,0.45162022,0.46624923,0.45848507,0.57245106,0.5669335,0.559623,0.7163248,0.5013102,0.5373751,0.36649898,0.37178805,0.556075,0.40235525,0.6217086,0.382361,0.45443547,0.43869224,0.45252374,0.5011679,0.48900494,0.43951693,0.55758065,0.66683763,0.14940895,0.6083631,0.43054235,0.1937597,0.43262574,0.37872264,0.5241382,0.4773063,0.5896098,0.45539495,0.36987466,0.305302,0.2996056,0.13881844
ea0ac5ec-bd39-f004-8b2c-e03a0b7f35d3,0.5030673,0.49015942,0.6573163,0.532552,0.6243378,0.5556759,0.40942168,0.4769783,0.58843356,0.56351435,0.4600836,0.52324766,0.5424217,0.28884488,0.6038277,0.59949905,0.5360837,0.4982108,0.57092166,0.4148223,0.62731445,0.63467103,0.6697581,0.46278504,0.6579283,0.5246631,0.09612956,0.43520638,0.49083644,0.22869377,0.55444896,0.24379767,0.72707814,0.39461094,0.30469045,0.4901798,0.54074115,0.57160556,0.6720354,0.08205644
ea0ebd9c-97a8-8971-9c29-e422216a8e28,0.46972877,0.3621744,0.46469042,0.555014,0.43742573,0.588594,0.5375428,0.55410206,0.55033255,0.25764096,0.50742847,0.5196531,0.5621505,0.29810622,0.5274948,0.39771047,0.6390961,0.6148597,0.51307905,0.44419968,0.46900728,0.3890757,0.4392672,0.60792553,0.5898175,0.5770968,0.23816653,0.57169336,0.47134522,0.23116301,0.33026502,0.25132826,0.4722692,0.4622448,0.44198042,0.48136735,0.5500244,0.42165837,0.36434,0.23769046
ea3a859d-a605-a7dd-5a49-6da98c14b5be,0.45623535,0.3856846,0.53893065,0.41866657,0.49801746,0.5458722,0.42027473,0.50766027,0.37100497,0.18957914,0.46927652,0.41550833,0.23271783,0.5485943,0.39635688,0.18123071,0.42100665,0.19806163,0.5180353,0.6209088,0.3551653,0.4306306,0.49621114,0.5165435,0.3402843,0.44731867,0.57919014,0.45858625,0.4577141,0.54355043,0.34477693,0.60969853,0.42167184,0.41861042,0.43213508,0.3082135,0.30021438,0.22958209,0.27007046,0.33178496
ea4088e3-19a1-51ba-ec26-5c3866e0329d,0.4891389,0.45502204,0.47960642,0.53826463,0.31546107,0.44632858,0.45575047,0.58897597,0.5782583,0.34999427,0.38720024,0.46606183,0.44405812,0.25880402,0.54307795,0.45218253,0.5608264,0.5014537,0.48918706,0.44955847,0.47775534,0.44539297,0.46415272,0.5264683,0.55933774,0.5561979,0.20189297,0.4021791,0.41808483,0.24391456,0.566457,0.1922851,0.6161067,0.49196792,0.34898853,0.35601574,0.590284,0.31989488,0.3240504,0.15587603
ea427b11-945c-80a5-140e-787542afb0b1,0.50632674,0.5696283,0.50704193,0.42574298,0.26781255,0.49803188,0.49818605,0.5540293,0.45404744,0.30883968,0.41628727,0.51309884,0.18476172,0.42830712,0.3481655,0.38815698,0.5146505,0.24006419,0.6179038,0.39026216,0.35953754,0.3124637,0.33587655,0.43103382,0.37214294,0.51013714,0.24846916,0.3354435,0.47660938,0.3706936,0.49864945,0.28953144,0.45437694,0.5054528,0.61243856,0.1302617,0.4461982,0.28088355,0.19802885,0.16969244
eadfc332-292c-4972-c8be-4d4cb989e319,0.55185395,0.56392807,0.55961555,0.6341381,0.58796126,0.57101613,0.5281636,0.5617987,0.5743761,0.26467243,0.51379573,0.4804125,0.601018,0.2095364,0.5432467,0.4916859,0.4671719,0.6226753,0.5054728,0.39099538,0.4522304,0.49687675,0.45550752,0.5311172,0.63772666,0.46366167,0.10251189,0.41111195,0.4812882,0.22473232,0.50771224,0.12097809,0.5271919,0.44986656,0.3631581,0.5611124,0.5601347,0.6697827,0.6447989,0.15957104
eaf8b5b6-0281-68bc-0a56-f0a0ec5731e8,0.49889785,0.44864643,0.52980393,0.40585497,0.41893423,0.48235917,0.52500474,0.5222421,0.49014956,0.17694105,0.44724226,0.4145599,0.278398,0.3167883,0.49497807,0.2899687,0.49210224,0.27224165,0.5030204,0.4220194,0.30008978,0.2715876,0.3509912,0.5278538,0.35356653,0.51099026,0.49124017,0.4129764,0.6109063,0.26249444,0.54666203,0.35437405,0.3329545,0.37767068,0.3819389,0.28140816,0.3464741,0.18617703,0.22380546,0.2624073
ebdc3e2d-d7de-f72a-0737-885a2ca817aa,0.5094146,0.5000854,0.52547145,0.52702814,0.5793825,0.5249552,0.59386873,0.42375496,0.5722869,0.34452766,0.36567575,0.4455413,0.35788268,0.28247172,0.54311883,0.4905775,0.47537053,0.4801625,0.4776723,0.36631957,0.39826766,0.29101223,0.3239096,0.508334,0.58936787,0.48379764,0.21303375,0.49175048,0.43872437,0.23388986,0.7389313,0.15930362,0.35044003,0.43140286,0.38733512,0.4034862,0.49289462,0.6096285,0.62048,0.22971763
ec11d6ac-4101-a048-79a2-d85a919efb46,0.54653376,0.47347236,0.42814067,0.6086417,0.37543055,0.42894435,0.45964018,0.49769473,0.46972993,0.33518827,0.46555802,0.5896954,0.37801233,0.31118006,0.4260934,0.6655733,0.48829764,0.42554098,0.5542377,0.36048138,0.49686003,0.46826282,0.49108002,0.4417995,0.51832634,0.5175425,0.09090058,0.35600448,0.4272697,0.24088456,0.5078946,0.11848576,0.6294989,0.58458936,0.36054486,0.26552913,0.56434244,0.48912168,0.40967506,0.10820182
ec3898b6-f0fe-caab-9422-904bff9fe22e,0.48776892,0.27443725,0.4792177,0.4704013,0.30128568,0.44157118,0.47227952,0.51212853,0.42636582,0.13853514,0.44900522,0.47411212,0.2226681,0.5142456,0.36468112,0.2179214,0.41442153,0.20442246,0.4714741,0.55216503,0.38652706,0.26434928,0.3792256,0.49077907,0.34512594,0.4875856,0.57929325,0.37158173,0.5711098,0.51582366,0.39300254,0.51764125,0.3765788,0.37823826,0.46155646,0.14947183,0.3884797,0.12930728,0.15180828,0.4502943
ec432e6c-c2fa-63d2-2692-440fda6e17d4,0.536361,0.40255466,0.56020194,0.54452825,0.59374577,0.58997476,0.59188277,0.4761184,0.57722914,0.25155702,0.37983263,0.46360633,0.587738,0.29835963,0.48812672,0.43976274,0.6125116,0.6768054,0.48069355,0.42490712,0.5380983,0.42318875,0.52725095,0.5805248,0.61210316,0.60212994,0.25501987,0.5592404,0.50005054,0.2150398,0.5942615,0.1856587,0.5129624,0.378107,0.3794805,0.56582016,0.4422078,0.4156224,0.46529096,0.21661428
ec82cf12-4ab0-ce23-a90a-f414e26e4c62,0.48315364,0.32175285,0.42321807,0.5687584,0.22079435,0.5082706,0.4197684,0.6454638,0.59542906,0.20475549,0.4540488,0.42036825,0.35268313,0.30987972,0.4268905,0.37615666,0.6010436,0.45270637,0.36869475,0.5345272,0.3529095,0.29595578,0.31244442,0.5983777,0.6463291,0.5900644,0.2801842,0.41481048,0.35702413,0.26205343,0.3576277,0.20937443,0.46631223,0.5353344,0.43204704,0.17553362,0.63303953,0.33186364,0.25455114,0.2694434
ecbbffe7-f603-cf34-fb47-6382f81ae998,0.57633406,0.5301334,0.53068143,0.44726732,0.56682575,0.3722883,0.40905273,0.45311478,0.4538082,0.33831957,0.45647746,0.37072015,0.30577117,0.47382382,0.43479133,0.28188083,0.3940023,0.306412,0.50835437,0.50549525,0.4591679,0.40907666,0.43123814,0.43936062,0.30764648,0.41782454,0.3992097,0.45142886,0.5867798,0.43775445,0.474769,0.45874444,0.25309345,0.41672394,0.52994776,0.33057353,0.38943192,0.35785586,0.29451707,0.4923522
ecfe40f9-b43f-d6c7-4a56-b26d70d9f68c,0.5267476,0.40765384,0.507474,0.3914278,0.34163252,0.33718187,0.2746044,0.5290505,0.52875924,0.09636654,0.46604428,0.36255515,0.078359775,0.46306154,0.30371132,0.1559531,0.23207895,0.099303976,0.39951825,0.6522867,0.16072552,0.19611444,0.15963565,0.4581545,0.3330614,0.46927717,0.5379567,0.19895604,0.4729936,0.67283964,0.45296082,0.65356374,0.3547154,0.47249946,0.36042258,0.06738241,0.46103513,0.21782853,0.20903979,0.32760113
ed15e77a-f12e-24d8-34a9-02ab93173ca5,0.50611156,0.45464358,0.46959078,0.35896012,0.52309006,0.4496915,0.58469373,0.52120924,0.49552318,0.78705627,0.50725514,0.6193262,0.3323718,0.2293062,0.57863814,0.5254414,0.51434356,0.3344167,0.4016687,0.4703886,0.37459096,0.49309182,0.44492608,0.41867837,0.51289725,0.50363797,0.098291695,0.40753654,0.29660782,0.16847749,0.5576541,0.2892741,0.54626507,0.34753114,0.6122733,0.32605368,0.36019272,0.25563785,0.29923803,0.07621425
ed7d7301-98e2-b163-b08a-f9d14edd0be6,0.532582,0.4584943,0.51936793,0.5520427,0.44906187,0.54281986,0.3352595,0.4658219,0.2500432,0.11401996,0.31463656,0.18039642,0.30341214,0.64508736,0.29581243,0.14502895,0.26103225,0.30009854,0.4532364,0.45664287,0.44393414,0.41404074,0.430872,0.53684103,0.31814635,0.39245138,0.32800138,0.3641921,0.5349694,0.49106938,0.4204034,0.432001,0.37263882,0.45537803,0.41180578,0.38868445,0.36162806,0.29104203,0.2934311,0.48626623
ed830873-692c-f609-e998-099136e9aff1,0.45299986,0.56284267,0.5495479,0.60812044,0.57200325,0.4783959,0.53090787,0.43475354,0.6064618,0.34642887,0.43352464,0.45258638,0.5356632,0.4428506,0.5497194,0.38629878,0.44367597,0.44710666,0.47954467,0.5514362,0.45329174,0.45426056,0.43980563,0.37350023,0.53729653,0.46308598,0.18314378,0.48300874,0.39191562,0.39479956,0.5716402,0.2981757,0.55858815,0.5232343,0.35322878,0.40094227,0.42677858,0.59334135,0.6673565,0.11915604
ed9d0e0d-db20-8a72-47b1-27e77ad9e623,0.5209696,0.47826985,0.43313077,0.5866797,0.5552816,0.4811527,0.5383734,0.43680164,0.45557448,0.3292044,0.46935105,0.60428554,0.55841416,0.2864841,0.44679976,0.47855183,0.54734415,0.5559934,0.53434527,0.41347888,0.63168806,0.5332707,0.6154297,0.50696313,0.47198147,0.52875257,0.14299415,0.42079106,0.4866424,0.25638536,0.43731153,0.22541359,0.51404107,0.4343422,0.48226672,0.58974487,0.41175148,0.5440551,0.545237,0.19500452
eddb249e-606c-4a16-48a4-96913dcd8170,0.46648732,0.5076778,0.5491758,0.3999675,0.37517625,0.4041689,0.35468313,0.46156967,0.40909466,0.07728687,0.48072207,0.37080503,0.18154691,0.6832289,0.31368744,0.10608904,0.28164366,0.12036569,0.46831185,0.59862727,0.26907706,0.27027518,0.31567115,0.3888769,0.23834677,0.35825053,0.5215193,0.33045688,0.51679677,0.6739552,0.30478582,0.66174227,0.2969846,0.43016553,0.39701983,0.17110038,0.229147,0.2498586,0.25554058,0.27112147
ede5426b-2777-ad8d-fbb6-589b19861625,0.5616456,0.46593148,0.44252938,0.41820574,0.18575723,0.32607898,0.35004428,0.59531134,0.47336525,0.71707565,0.5563828,0.497914,0.21942498,0.3405098,0.5563111,0.34289676,0.50384325,0.21689759,0.41829807,0.4459397,0.38801786,0.43661678,0.39329806,0.43817762,0.3039433,0.40082645,0.25439548,0.25742093,0.3621207,0.2649268,0.36869553,0.36202034,0.4075237,0.5020884,0.4442404,0.17454273,0.58631206,0.09915595,0.05486847,0.33600578
ee04331b-bf7c-d4f5-eaa4-7b9a3a4834a9,0.57306546,0.43871418,0.519993,0.41148722,0.4412368,0.5919618,0.47357574,0.545864,0.38950136,0.19317108,0.4471896,0.39884263,0.23094694,0.5871844,0.39959025,0.16490841,0.34635207,0.2768567,0.49269035,0.513515,0.50201064,0.4959726,0.4714481,0.5119091,0.34070152,0.3343854,0.57517856,0.4965595,0.54144394,0.5181388,0.32320768,0.55401075,0.43183556,0.3789947,0.48174602,0.3338642,0.26643977,0.32054877,0.24811302,0.296935
ee66db08-faac-04b8-d14a-a45748709c07,0.5254233,0.50672156,0.56530106,0.50701195,0.4847112,0.5828195,0.51110333,0.48524955,0.43338352,0.14693955,0.45533675,0.3933213,0.49935293,0.6275908,0.41384107,0.20744224,0.48342037,0.45396635,0.52276933,0.49472585,0.6085399,0.5300359,0.5605725,0.5181962,0.3890319,0.44069567,0.39742061,0.5611457,0.46534756,0.55730426,0.34228206,0.4578198,0.44768238,0.37910664,0.5177993,0.5016222,0.363587,0.51358134,0.4692809,0.29176962
ee8b05bd-3903-17dd-8927-833ddbcb5af9,0.53397137,0.42890683,0.57859784,0.56155294,0.50832486,0.41325253,0.45805869,0.5835941,0.41356888,0.25223374,0.40917706,0.48539674,0.5898509,0.30966848,0.49620122,0.48045468,0.5917865,0.6642501,0.57324946,0.45281392,0.6835517,0.60351723,0.6959354,0.553568,0.5339966,0.40579858,0.3457626,0.3495709,0.5576999,0.30049342,0.3250255,0.2689341,0.5310334,0.50000405,0.30194342,0.52805513,0.54287916,0.38108364,0.3368796,0.2890392
eead97be-db0d-bd5c-82ea-bb4e0b2b9370,0.5180277,0.44541985,0.5247734,0.525989,0.47688508,0.46053606,0.5191137,0.5229822,0.5388127,0.24814984,0.42377812,0.42068657,0.44450095,0.28955734,0.51874816,0.2863835,0.40817782,0.48715684,0.47596148,0.5312737,0.48050785,0.39575133,0.4396096,0.5036297,0.4196299,0.4429122,0.48563206,0.44947606,0.54483616,0.27389476,0.4984784,0.31937715,0.40151027,0.39014453,0.3674624,0.4054721,0.45491475,0.32015306,0.2438886,0.43621245
ef30c279-cd5e-ab08-b02e-e57802e43557,0.50560695,0.39469242,0.46850812,0.4857927,0.5667182,0.4795101,0.4865071,0.5433825,0.49076542,0.6761968,0.48699513,0.5366019,0.4524666,0.25965983,0.5850228,0.5374701,0.60491043,0.48499593,0.43477276,0.4152153,0.6218164,0.6032528,0.5984154,0.44785324,0.5699992,0.6063648,0.11586274,0.41740844,0.5217818,0.15541793,0.45927483,0.25271937,0.56582475,0.42944777,0.49951613,0.492665,0.50380844,0.39342117,0.44543886,0.08494254
ef47fc93-03be-c621-dbd1-ed6e975dcee4,0.5522194,0.5210131,0.44679108,0.60417587,0.40933034,0.28872868,0.45444217,0.4276295,0.36418626,0.36930728,0.40703472,0.36008832,0.35334677,0.3937913,0.55323994,0.41346404,0.523242,0.37444127,0.55452186,0.40012845,0.42107922,0.4020557,0.38622835,0.47387955,0.34977996,0.40195894,0.21177825,0.3823602,0.5360114,0.34978634,0.5560024,0.26093125,0.2005188,0.5205534,0.4778396,0.39801005,0.46025068,0.30910277,0.29636168,0.5385422
ef799586-da86-e5fb-ba76-b1a6a91bbc7b,0.50522053,0.5455037,0.5111054,0.5979263,0.5945025,0.51914227,0.5281779,0.5670611,0.6314677,0.3451406,0.46893722,0.4629773,0.64694947,0.2465488,0.54121965,0.48599118,0.5285444,0.61832297,0.5524476,0.4072464,0.414763,0.37728634,0.43713954,0.52785224,0.6317903,0.5708878,0.13838114,0.47846287,0.46886778,0.190129,0.59973764,0.1601435,0.53116715,0.41604823,0.3747192,0.5842572,0.56475866,0.6448221,0.5876311,0.17725983
ef8eaa08-3e89-4eb7-6d32-772f9034000a,0.51354825,0.45306298,0.507907,0.47708693,0.5650609,0.56613505,0.5172658,0.47978878,0.6083805,0.29995677,0.51199806,0.5264944,0.5035682,0.17542683,0.5217699,0.5221823,0.5347888,0.51170784,0.51534927,0.459722,0.43223408,0.40758723,0.36746246,0.5323043,0.5345026,0.5505123,0.18852176,0.43483806,0.5143352,0.16217962,0.46688268,0.15847945,0.57523054,0.53829706,0.3173838,0.44765246,0.45514718,0.42111862,0.482486,0.10673925
f03859cd-862f-ee85-b4d4-e7fd8712e515,0.4133558,0.499678,0.50698113,0.5505426,0.513618,0.33617446,0.53884465,0.45313793,0.5744656,0.27573836,0.5177352,0.45379835,0.37642312,0.27386433,0.44496796,0.37785092,0.4797097,0.46742305,0.5315391,0.49107224,0.38895717,0.35441965,0.41307548,0.5007984,0.49398255,0.5014813,0.4178167,0.4378493,0.43336678,0.27619728,0.48595068,0.31070277,0.25761655,0.4673437,0.41953754,0.294246,0.5551939,0.4100596,0.3991357,0.3117963
f06f3840-decb-9879-8051-b0404b4e9297,0.5520898,0.5138103,0.5148929,0.54694915,0.5337967,0.52058494,0.44811955,0.5562161,0.49619952,0.22488208,0.47110528,0.46172467,0.47826427,0.4515272,0.49415457,0.41117048,0.5419955,0.44993442,0.4854962,0.46421322,0.4133188,0.46372038,0.46885765,0.44880652,0.4958512,0.5588474,0.1723156,0.47664312,0.47293815,0.40223232,0.49262306,0.32229707,0.52764744,0.40460643,0.48801142,0.4231072,0.44046932,0.56211996,0.62356824,0.09778588
f070d5be-a8ad-f67b-14ed-32839e1545f0,0.5516327,0.5262152,0.45791554,0.44350284,0.28465936,0.32788217,0.35269725,0.41452295,0.2671277,0.08429418,0.43477988,0.27491248,0.23669721,0.64874876,0.2478353,0.1195002,0.22670059,0.19656014,0.5271841,0.48880872,0.38977093,0.41400686,0.33222052,0.49914816,0.113925725,0.29933167,0.5014045,0.29228154,0.4932011,0.6555168,0.23136535,0.5622656,0.29800656,0.44823286,0.50049025,0.17914099,0.42947814,0.16128886,0.11672072,0.7323029
f0a31f10-49c6-0d63-6173-da7deb1d3a11,0.4599768,0.47333908,0.4683722,0.5906584,0.513137,0.5181678,0.5580712,0.48202345,0.56616306,0.2399103,0.43639162,0.4575335,0.5757331,0.3805503,0.5252446,0.4259134,0.54347366,0.55179447,0.49874598,0.4871929,0.40696183,0.3644825,0.44675148,0.4833545,0.5333221,0.53428125,0.17440774,0.47692972,0.43300092,0.3403165,0.5849319,0.14126976,0.4740087,0.52415866,0.44048747,0.5302409,0.47347426,0.6161587,0.6210215,0.15981036
f1145f7a-d1a6-4ccb-d6b3-54d177db83ed,0.5197403,0.45644093,0.562013,0.515077,0.53720665,0.6137036,0.5602902,0.475432,0.56061864,0.25597113,0.5000113,0.44036806,0.46166605,0.3659039,0.57180625,0.30150777,0.5986787,0.42904505,0.5265699,0.44681755,0.40435407,0.39577946,0.4361386,0.5521712,0.46371448,0.5673794,0.33116674,0.52785754,0.5286409,0.31725773,0.52121365,0.25987533,0.44818842,0.4240136,0.30600303,0.48899513,0.4129321,0.4265005,0.44390145,0.24080092
f120d30e-529e-2936-cfd6-b8a7207a0c25,0.50806487,0.46681517,0.4606962,0.44980222,0.42123878,0.4346078,0.45056072,0.47227323,0.5497102,0.22604272,0.4822489,0.44125932,0.3600358,0.27589735,0.43408456,0.24105309,0.38309807,0.4004423,0.4557137,0.51962817,0.40738714,0.3695947,0.38522992,0.48603424,0.43512326,0.44115025,0.46563065,0.38317826,0.5092289,0.30338833,0.450846,0.33964738,0.3425965,0.41936257,0.40328407,0.37984937,0.37783575,0.2630543,0.25120273,0.29654896
f12ff989-9593-71f1-66e6-502ec9b3fecd,0.56068665,0.4264908,0.4990336,0.48913234,0.41213545,0.52084446,0.5015348,0.57496405,0.3949169,0.14995943,0.45626682,0.4334603,0.3596124,0.6119627,0.40487966,0.20438576,0.511373,0.3800973,0.52807224,0.4986705,0.5538356,0.54018664,0.558663,0.5597508,0.3462581,0.48268014,0.4441707,0.52295524,0.48360956,0.5619502,0.3313736,0.55995023,0.50074077,0.37161577,0.5120428,0.38278908,0.40273267,0.28804192,0.32721114,0.35773978
f1596a37-d2d8-7b35-44c6-6ae60ee0c1a0,0.53357637,0.49198315,0.52516705,0.39804545,0.29191154,0.48596627,0.5045271,0.43455824,0.27268562,0.08742459,0.4289386,0.38745764,0.26283932,0.7348129,0.34195128,0.112539716,0.36989242,0.19481003,0.5080301,0.5551537,0.4877429,0.41989666,0.4634188,0.4705634,0.20638297,0.34362203,0.62311876,0.40048903,0.49128932,0.69606173,0.31237504,0.68461734,0.35389027,0.3053346,0.55346143,0.28166392,0.22365928,0.20923467,0.26547432,0.36022198
f1596f42-5688-d406-519e-2b720e3314f3,0.51581234,0.52741253,0.5676818,0.4647329,0.21113466,0.37273723,0.4156285,0.532124,0.63232976,0.78085834,0.4123328,0.5711613,0.25093085,0.30327085,0.5330463,0.5939918,0.662408,0.31229764,0.400801,0.43672237,0.30711952,0.40436122,0.36967596,0.3535344,0.433194,0.63852364,0.071063586,0.30422282,0.3988343,0.20513672,0.52155775,0.16734065,0.54867816,0.6095661,0.49091712,0.14696933,0.556273,0.26330683,0.18196891,0.10655048
f1610c48-cf3c-5383-6ef6-64fedd856808,0.4878239,0.43248397,0.54654795,0.53075075,0.38619757,0.5982572,0.48273867,0.54945797,0.60166633,0.34833848,0.37955472,0.5921173,0.45849514,0.20906271,0.54653907,0.57685244,0.689131,0.51410013,0.5024822,0.3604124,0.4432089,0.33002827,0.3971134,0.5259711,0.6294613,0.6322373,0.1179895,0.357857,0.4013831,0.13147888,0.5628663,0.10180671,0.63233423,0.5031012,0.26786458,0.36741927,0.52083087,0.530337,0.5430511,0.075070694
f1650e94-caa9-dfef-f5b8-83823d0f655a,0.5801218,0.4394905,0.58226776,0.46561834,0.5095474,0.43853143,0.43148586,0.5968615,0.481561,0.4444392,0.5302246,0.5026379,0.26946002,0.31951597,0.5446196,0.42702088,0.5331382,0.3375448,0.5022575,0.46770433,0.5584,0.49906567,0.5713486,0.4553672,0.48073342,0.4587903,0.386466,0.41358396,0.5622906,0.37392405,0.51091665,0.37849855,0.4528775,0.3731742,0.44758302,0.28311205,0.4984464,0.26345244,0.355315,0.22123939
f1792e8b-3270-ff2d-7ded-18aa6006bd89,0.46073613,0.36226347,0.4711761,0.5602638,0.45034027,0.5291544,0.5233483,0.5660423,0.51674926,0.35658237,0.4442231,0.5021954,0.43550307,0.26926473,0.5465646,0.5024403,0.56115556,0.46748745,0.4617695,0.42087084,0.5000346,0.43669564,0.5138419,0.52944833,0.5812469,0.581024,0.22803691,0.4850805,0.5048012,0.19059204,0.45967045,0.2913502,0.49237087,0.4188714,0.41718644,0.33182076,0.54642963,0.39024484,0.43373185,0.18987328
f19393ae-83e1-1e74-1bd7-381ce7b1a3f1,0.54701567,0.6166878,0.39935243,0.6122559,0.2685395,0.41912076,0.43954742,0.46690378,0.47494328,0.26801574,0.3776403,0.27057308,0.515367,0.33136988,0.35439318,0.32685116,0.3560938,0.4086575,0.3508472,0.464056,0.24673946,0.34934145,0.34256974,0.43694156,0.4393645,0.46770427,0.13549389,0.38593143,0.40376753,0.2826906,0.4626075,0.15337346,0.47629455,0.5739437,0.3563866,0.40962833,0.366247,0.23456213,0.20018877,0.2229169
f1b51784-01de-7dae-efd3-2aed4f149638,0.5079448,0.446469,0.48877922,0.6849831,0.52554846,0.49475613,0.6008685,0.38179934,0.59269166,0.166351,0.42135078,0.583037,0.6916615,0.47380406,0.4963805,0.4338888,0.6381129,0.6971873,0.62559485,0.44419706,0.5504151,0.53018266,0.6271009,0.4795344,0.5994771,0.49665615,0.23537022,0.6012799,0.380656,0.49369204,0.4824459,0.19668515,0.61042845,0.5502755,0.26212838,0.5921985,0.594735,0.5030268,0.60621125,0.18436937
f1b7c1eb-a05c-000d-dec5-fbe501a6593a,0.45009324,0.4683539,0.47636172,0.49218452,0.25288597,0.41109896,0.36282015,0.47651705,0.5284709,0.5665336,0.35897818,0.5462189,0.3019422,0.2660957,0.4983249,0.5680498,0.52933335,0.31986955,0.43245277,0.38556814,0.44265172,0.44415557,0.4708857,0.40885133,0.45679948,0.5255235,0.14539458,0.32448295,0.4477759,0.15881272,0.42203087,0.21697606,0.50387895,0.51783895,0.36644182,0.18203275,0.5954099,0.21710023,0.19545968,0.14632319
f1f4af1a-8170-7fc8-94a4-d7977dad408f,0.53205603,0.500389,0.39016148,0.5090766,0.33767328,0.3263046,0.466253,0.4457801,0.3512942,0.16343458,0.45614815,0.26067168,0.3360049,0.4720559,0.3681938,0.15433393,0.21965641,0.28838617,0.36700264,0.49750328,0.31145212,0.3075675,0.37366697,0.45694828,0.21610434,0.26486403,0.56600255,0.39627576,0.562013,0.43887696,0.41070512,0.34434125,0.25945902,0.44199568,0.3988169,0.32143742,0.30544478,0.12457464,0.11120885,0.55777603
f206fb51-f145-834b-5404-5abd11635b63,0.45934173,0.53423584,0.527737,0.61606413,0.4410868,0.5139915,0.51363367,0.50043494,0.58187073,0.37180662,0.46172914,0.4019271,0.76761657,0.28829405,0.4682888,0.41645202,0.6211586,0.76997554,0.6025299,0.42375422,0.61120534,0.5006465,0.6793426,0.5522191,0.5760578,0.60442877,0.15351143,0.46492252,0.4645316,0.24896711,0.4696895,0.17143737,0.53346694,0.40414584,0.37904063,0.67003345,0.5839475,0.5867932,0.50903594,0.24080461
f240a4e8-553a-08fd-dff1-c83dadabe24a,0.53412414,0.4903781,0.5542532,0.46599618,0.42000085,0.4149707,0.33374047,0.43186215,0.29681152,0.07710416,0.53433484,0.36197627,0.16246608,0.7600329,0.30941537,0.08109428,0.25498846,0.12437323,0.42125884,0.56757736,0.33099282,0.36513367,0.4262413,0.43438208,0.18795486,0.35112858,0.63746595,0.30534935,0.54948735,0.83128136,0.3148743,0.70529747,0.27958038,0.29973418,0.39276007,0.22514372,0.3384514,0.15990543,0.22335105,0.4960183
f2a89854-062a-f8b2-7d28-ac0dc72dac53,0.49479347,0.3978025,0.48140544,0.5527456,0.5320598,0.5069476,0.44257125,0.54726267,0.51970285,0.30915612,0.44461057,0.5348467,0.41628066,0.32336882,0.5067096,0.42641032,0.5928805,0.44686162,0.48616457,0.45791435,0.5116571,0.5068922,0.5821158,0.4624862,0.5385305,0.5365824,0.24124934,0.45238414,0.50790495,0.32700804,0.44886893,0.34020638,0.5843331,0.38975883,0.4670534,0.3808534,0.46222407,0.41883397,0.48415238,0.14545606
f2f7628b-b057-f189-610b-6ca80c81caf0,0.5105577,0.39947549,0.53071934,0.6239534,0.5109503,0.5519818,0.45634893,0.59461254,0.5289099,0.32963002,0.54543054,0.36977208,0.72284484,0.34249666,0.54052335,0.35200775,0.6612035,0.7389223,0.49983084,0.40314713,0.6053124,0.58982223,0.6909199,0.6077138,0.6600217,0.6569177,0.2226546,0.5220334,0.46698087,0.24902442,0.40823954,0.19986077,0.57610554,0.41826203,0.3451276,0.69835734,0.6218233,0.47957703,0.45669436,0.16694918
f32959a9-d0ee-65ee-6d27-e85f29ab0e6f,0.42202103,0.5843656,0.5354182,0.4375422,0.49257597,0.49781978,0.4897374,0.37901682,0.52322227,0.693735,0.46996066,0.56148183,0.30866584,0.5911142,0.5544501,0.47276384,0.3812298,0.17038743,0.5152429,0.5090441,0.34057176,0.40170038,0.41903713,0.29460967,0.3939418,0.5111252,0.19047661,0.5763081,0.3814408,0.3752641,0.47759083,0.47098127,0.5160803,0.48054087,0.4754884,0.29503256,0.2895784,0.2973314,0.36678892,0.11301221
f3389ada-eec9-cc7a-00be-f66699079720,0.4894732,0.27222928,0.43512276,0.50787336,0.33615533,0.4464877,0.5763921,0.60251486,0.47733864,0.22163713,0.5198886,0.5047899,0.35412997,0.42922506,0.47375092,0.32898286,0.58997005,0.4065229,0.46626744,0.47374743,0.536519,0.43088898,0.41242948,0.57465315,0.47535917,0.47428292,0.4885075,0.4905854,0.4536463,0.31885022,0.29507214,0.38306445,0.3751236,0.5037428,0.4872471,0.23436956,0.6015768,0.23244062,0.26486886,0.42149255
f3617c50-9ce4-956f-16a3-42c26ce26f13,0.59932125,0.49083105,0.61410546,0.45900217,0.46952757,0.43869546,0.4459936,0.5303093,0.40850362,0.21721552,0.48044896,0.5561693,0.2943973,0.5110752,0.51358557,0.25418183,0.45340073,0.31243718,0.620345,0.5084513,0.53222674,0.510151,0.48850363,0.49569008,0.41171983,0.36449552,0.5681672,0.47346017,0.49341503,0.54672885,0.28937918,0.5486542,0.477032,0.41281846,0.35742837,0.31755757,0.3701348,0.29884273,0.31154,0.3327331
f38a057e-cf4e-1ec0-76e6-ab3389a2d81e,0.55206573,0.48275712,0.4975786,0.3766121,0.29073936,0.31252852,0.32227692,0.633159,0.35471603,0.097801305,0.47150305,0.35286483,0.11615877,0.6304501,0.33561525,0.12802073,0.32146835,0.114048384,0.44661134,0.5621877,0.14726554,0.23551878,0.24133179,0.44000947,0.23106852,0.4199149,0.39669427,0.3066052,0.46638897,0.6935975,0.35063174,0.5738393,0.30910608,0.47807103,0.48143056,0.1511777,0.27835956,0.16389295,0.20818123,0.19701123
f419a88e-78f2-402c-0838-897f5d243056,0.40146574,0.5409602,0.46802518,0.5966983,0.40914893,0.4847111,0.5679861,0.4296895,0.6058678,0.23298375,0.44819713,0.4547862,0.6007905,0.40213293,0.40107167,0.46174905,0.41724014,0.5541836,0.49493998,0.46953967,0.458736,0.4025178,0.43803748,0.41273868,0.53652054,0.4362267,0.19047678,0.43114495,0.3590648,0.37695253,0.3722676,0.21021703,0.3826444,0.52521944,0.6124375,0.46681777,0.42425013,0.4845431,0.49406925,0.22434275
f44d07af-428a-5392-17b0-1ed193345169,0.4646828,0.33224028,0.45274383,0.530873,0.5527519,0.56072,0.5690745,0.48871937,0.4711271,0.21512385,0.52570695,0.48863602,0.45261964,0.42646953,0.4553813,0.30060807,0.5704543,0.44755298,0.5341179,0.49666223,0.6106486,0.5586287,0.5736843,0.54979706,0.47942337,0.5519582,0.4236885,0.5674947,0.4866662,0.40779155,0.3528334,0.46272755,0.46462741,0.3993867,0.4602427,0.42843428,0.4378468,0.33333427,0.43320742,0.2742871
f483b8e2-34c3-0de3-7bfa-ea51fcc3ba66,0.5525107,0.51099473,0.47991318,0.5532126,0.1693221,0.36534306,0.51070964,0.5829099,0.5304707,0.25339487,0.43327072,0.51878154,0.36015013,0.41385528,0.57809365,0.38241643,0.47566342,0.40000448,0.657744,0.49531096,0.42301494,0.3196901,0.3346872,0.4919607,0.4081097,0.2833819,0.33956075,0.33418775,0.33882424,0.43955767,0.48989242,0.27261105,0.32043603,0.43726423,0.47605193,0.22830105,0.5246967,0.30752298,0.17428525,0.54413754
f4b133b5-659b-188d-fdb8-b74de21dfe28,0.50951934,0.41872036,0.46404344,0.49600247,0.376888,0.355988,0.4581294,0.4752982,0.39759353,0.1792881,0.54752433,0.4691034,0.35418764,0.64048797,0.43490422,0.1649691,0.46174332,0.30881387,0.583637,0.533718,0.46683493,0.52484596,0.51218843,0.48700383,0.37001967,0.34728855,0.5413192,0.505234,0.40143695,0.58174473,0.20589666,0.6651386,0.41593975,0.42851526,0.5037667,0.28026748,0.39298627,0.20819381,0.2176516,0.3770128
f4bbe318-65e4-c40d-4c5c-89297bca02fe,0.52481884,0.35952184,0.44861692,0.4882755,0.36506727,0.44830847,0.50437164,0.59983253,0.50079954,0.4717774,0.47502956,0.5247813,0.40952033,0.3962399,0.4757666,0.41440877,0.5033463,0.44902098,0.46432024,0.5365001,0.5441889,0.5118154,0.56563544,0.48361066,0.41549155,0.5771695,0.26045573,0.51468784,0.4353173,0.27007776,0.40272528,0.37928423,0.5625711,0.41164103,0.44953302,0.38479272,0.4603815,0.23477036,0.27608532,0.23145391
f4f8f0ea-7071-f114-fea9-7f05402941d6,0.5131346,0.51272386,0.49329233,0.5145312,0.6192293,0.51316994,0.46128577,0.45230988,0.45177904,0.4879684,0.45965198,0.5057209,0.39035505,0.32478344,0.5535036,0.47762477,0.57546836,0.3401682,0.5571951,0.4844925,0.48885038,0.6079713,0.57106906,0.491007,0.5435654,0.41689858,0.23110615,0.43055445,0.495183,0.32493702,0.5096508,0.3207102,0.6112401,0.4330062,0.35093805,0.423291,0.35646456,0.3923538,0.49489203,0.1339477
f55388a3-163f-a2b9-37f6-3fc0642dfa4b,0.6027209,0.44606864,0.6052439,0.46001372,0.5287496,0.49732047,0.49611035,0.61433655,0.48705778,0.76833516,0.5088884,0.5831784,0.33996165,0.15953058,0.5283919,0.6221557,0.6238714,0.5434135,0.47400603,0.41723633,0.50536525,0.4389215,0.3914202,0.48395452,0.50132185,0.65662074,0.12308652,0.47466505,0.39869666,0.1209375,0.6096537,0.17685814,0.49968782,0.411915,0.35562664,0.39771372,0.54422086,0.36556002,0.37012097,0.13195391
f5638068-ae78-3262-e5be-b9fed86abeee,0.516448,0.55381614,0.53819627,0.5033357,0.48013392,0.37165365,0.40301177,0.5584876,0.4203309,0.8530086,0.54701537,0.37874472,0.24490198,0.35011983,0.5772773,0.39261928,0.54501104,0.26730105,0.40278763,0.52965426,0.4078651,0.52436614,0.48210758,0.37092665,0.4151685,0.53450406,0.1651587,0.37011167,0.466184,0.27025646,0.5633462,0.29558122,0.33607894,0.52023226,0.52448094,0.32119143,0.5396915,0.27691048,0.28157592,0.28053448
f5a00d2e-ed46-d366-6b3e-03ed2e5c19af,0.5407014,0.3526534,0.47615266,0.52770185,0.45071837,0.5070493,0.5958484,0.51663786,0.4762025,0.28070506,0.49443296,0.53160554,0.71141267,0.29196492,0.5157323,0.535127,0.6166369,0.68829083,0.42322332,0.4689343,0.619032,0.49348447,0.555103,0.5187747,0.49976158,0.57046556,0.23716034,0.5578113,0.41755658,0.16157424,0.3834575,0.1779279,0.59592634,0.4782261,0.48460537,0.6003923,0.481686,0.42341524,0.42260066,0.17334665
f5bb4140-7299-588e-fa1e-dca5ada3fa3d,0.53383404,0.5405396,0.48666784,0.44708636,0.35306984,0.47229418,0.49983037,0.4127958,0.25947118,0.11514717,0.42459628,0.3998634,0.34211674,0.78222185,0.40205988,0.13273227,0.4138446,0.26185578,0.51874226,0.5576184,0.59222144,0.5327827,0.55901676,0.41826358,0.18177184,0.3122715,0.54604375,0.50680107,0.39241484,0.7098948,0.31235346,0.64296985,0.45179188,0.36099747,0.58126616,0.37423307,0.25608963,0.3277296,0.36314076,0.2825494
f5eca54e-cb4d-ba01-91d1-3b38092b4851,0.49674228,0.48076406,0.53179985,0.52684784,0.5290566,0.5240073,0.5084411,0.49702448,0.54355013,0.31394842,0.47902057,0.42458877,0.47089937,0.3888952,0.49834058,0.40271112,0.50670624,0.47053984,0.49496877,0.42674953,0.45220533,0.4097533,0.42711684,0.5049306,0.54414505,0.5495921,0.23910062,0.5145974,0.490115,0.2764839,0.5020185,0.2626716,0.44721755,0.37694806,0.4438323,0.4350645,0.47896072,0.50204307,0.54031324,0.16091059
f61bc2ed-ebf3-2c5a-d145-d6452b2202a4,0.48245382,0.4058658,0.48098403,0.5729619,0.24087033,0.43221897,0.38411257,0.5357001,0.48858935,0.33542925,0.4564454,0.54112965,0.46183774,0.36401984,0.45088717,0.55357796,0.5715337,0.38974175,0.42846045,0.4038261,0.62540364,0.54223716,0.6303325,0.42428336,0.5217515,0.47427595,0.1545282,0.3635287,0.43434268,0.32482752,0.2678829,0.25263354,0.59110963,0.56386584,0.39486966,0.28845242,0.51016253,0.2011469,0.24354233,0.13297756
f627b6ec-e04f-d85b-a4d7-638996da1b4d,0.46653402,0.53157,0.51612777,0.5945035,0.44584787,0.33122137,0.35807967,0.41453227,0.4026927,0.24440861,0.37344924,0.22188358,0.39460686,0.59352297,0.42222345,0.21223179,0.37086156,0.26123804,0.5447315,0.5444481,0.3345001,0.33890355,0.3606737,0.43279275,0.29228398,0.4500134,0.19277112,0.3536914,0.47657207,0.58862746,0.47250506,0.3285103,0.3870258,0.58724576,0.4231731,0.33943093,0.46951517,0.35188222,0.29458266,0.6112043
f704507b-6f1a-2cd8-0e23-9ddacfa52339,0.4992634,0.6121554,0.4715725,0.47106865,0.49927518,0.45030284,0.4552655,0.5086893,0.44608763,0.23048481,0.4545523,0.51342565,0.2576638,0.36810708,0.50972277,0.3787586,0.5394522,0.2634968,0.5536814,0.47708824,0.37629253,0.31352672,0.35074687,0.4066368,0.47165358,0.39598686,0.2129285,0.34279338,0.45596904,0.37350172,0.42988864,0.28542975,0.5391862,0.5184412,0.46907222,0.33355257,0.20222636,0.39151594,0.47476894,0.07641004
f70fa136-6022-ee06-b88d-548bbee66089,0.54791,0.54908717,0.53518254,0.5726278,0.44256276,0.42170623,0.5196651,0.5292353,0.48323023,0.21131545,0.4240971,0.442009,0.45869645,0.38355786,0.47146803,0.34508944,0.47663522,0.51754874,0.4953752,0.42579952,0.49893156,0.41607535,0.52379465,0.46929264,0.4276787,0.42484143,0.3252208,0.44369754,0.58211106,0.37196064,0.47532505,0.25550187,0.41550907,0.42551225,0.44220242,0.40138724,0.49000293,0.46462533,0.44150522,0.2982175
f711c5b9-f7f9-a4ad-dfdc-5b04c5bfee4d,0.53926665,0.54157615,0.44132033,0.44092232,0.3129291,0.22495307,0.30052683,0.38150808,0.32477263,0.11201325,0.382303,0.20453094,0.17217164,0.618479,0.26138848,0.1342462,0.23825584,0.10523884,0.55450207,0.52059394,0.2642822,0.29390654,0.23770934,0.5192726,0.13178316,0.30845925,0.40083203,0.2189025,0.5428419,0.6469125,0.4039287,0.55978304,0.19598359,0.4911471,0.4938983,0.117209226,0.46608856,0.19228162,0.10021551,0.8253119
f759a2bf-5334-cadc-7f9a-b4c725b40316,0.52062845,0.5056913,0.52155316,0.552673,0.50899047,0.5354048,0.49166608,0.5042119,0.5837139,0.31379998,0.47175395,0.4904406,0.5888284,0.38454446,0.49668708,0.42667878,0.5582477,0.5596412,0.50194263,0.49345055,0.5383444,0.47113025,0.51591074,0.46160662,0.5481113,0.574914,0.23014772,0.5365027,0.5094827,0.32032645,0.47381642,0.38198605,0.5325757,0.38219965,0.48753244,0.52049774,0.43313202,0.4898301,0.51722085,0.13482915
f75f3740-09ad-00aa-ac43-806c2e8eba27,0.5156829,0.5096123,0.48680034,0.60039043,0.35228136,0.42720902,0.47988245,0.5542922,0.62786376,0.32024556,0.42719924,0.5389626,0.4836797,0.3293759,0.54067457,0.5391131,0.55950266,0.42846352,0.4773756,0.4739905,0.49655515,0.49530205,0.47640067,0.42390352,0.5790236,0.47274125,0.1341636,0.38916418,0.44422698,0.34379828,0.45691147,0.21091771,0.6119577,0.53955877,0.39009583,0.39656156,0.5026252,0.439153,0.4557107,0.101789854
f769dbb8-9930-9efc-f80b-025d3a25192c,0.5238395,0.579311,0.4646198,0.53043187,0.25283974,0.29957035,0.41942745,0.49433932,0.511052,0.24445218,0.37010345,0.3982204,0.36146262,0.4121479,0.39643836,0.4163257,0.46400976,0.29845887,0.5952533,0.4253237,0.39221427,0.35229206,0.39137006,0.452329,0.3712941,0.52597594,0.15652998,0.3490617,0.52943814,0.35266766,0.48046464,0.18784359,0.59282714,0.59916705,0.40412474,0.18155457,0.46039993,0.37164304,0.24412484,0.29330212
f7d0d961-c6ef-b3c5-4383-c4ca2d5579f6,0.53626364,0.3333504,0.4726443,0.42286202,0.3023456,0.45081007,0.51513946,0.58583754,0.4818354,0.31464666,0.46441257,0.49051473,0.3430846,0.40068817,0.4407992,0.27091572,0.5336937,0.36632326,0.47252944,0.48726764,0.48949963,0.3314391,0.4631235,0.54934555,0.4108593,0.47013724,0.4346454,0.3894482,0.5180708,0.33037078,0.36910716,0.46871755,0.31760153,0.34618202,0.58670837,0.3262753,0.35463002,0.19043152,0.18044004,0.3779288
f8674b72-826d-9fb5-fd7a-9af4e74b0da2,0.52700883,0.49142748,0.5804142,0.55014,0.5642047,0.56133527,0.472162,0.52374506,0.60254455,0.2696948,0.4709725,0.43774414,0.5309578,0.28196418,0.61944664,0.40123564,0.5141193,0.51101583,0.47151414,0.44822207,0.4045816,0.40050945,0.46038535,0.5283938,0.5292334,0.5695744,0.2638246,0.4887851,0.52356577,0.2449818,0.57170486,0.24155498,0.4290744,0.47772965,0.31751832,0.42646182,0.5282154,0.48342326,0.52425873,0.18511948
f87361ef-6d55-11be-9354-c79b1c886e84,0.4740985,0.53616107,0.48220235,0.6128915,0.57904667,0.56722826,0.62566096,0.41226733,0.49354315,0.28362277,0.4574553,0.49372226,0.5418085,0.48500738,0.50032896,0.5069866,0.4752104,0.5101987,0.54071337,0.4521212,0.5326761,0.5312386,0.5874545,0.47518697,0.5673065,0.3987981,0.20594655,0.51972574,0.44271508,0.4590281,0.60119534,0.24021743,0.551697,0.5404074,0.50812817,0.5346885,0.42084795,0.5682485,0.62023073,0.19953735
f88b0f4f-c850-4799-8bc7-f1cc42e22c65,0.52927715,0.23983508,0.48686472,0.50361556,0.44547883,0.51139253,0.55325043,0.521131,0.47119868,0.30716074,0.46347663,0.6041315,0.48135796,0.25612953,0.52075654,0.4752409,0.6003959,0.48910964,0.50526136,0.50609195,0.58349425,0.40509903,0.4914,0.5667847,0.49384218,0.6019828,0.3166377,0.46428195,0.57304686,0.1759497,0.3680711,0.30068168,0.5009919,0.44869107,0.32534322,0.3333133,0.44670868,0.23354286,0.27257288,0.26954424
f8ae0495-33f7-e050-76c3-d34674f16f12,0.525357,0.44569057,0.4891352,0.5385242,0.5009635,0.3103382,0.5237165,0.43339428,0.38340792,0.20150608,0.43345395,0.52785146,0.2810618,0.50900924,0.45878127,0.24400881,0.33451626,0.25259328,0.52602094,0.5389612,0.5291719,0.47608757,0.438277,0.36818978,0.30974475,0.28161293,0.45366973,0.41868764,0.44767234,0.49980626,0.40401512,0.39780658,0.37485072,0.5282762,0.35315448,0.32832143,0.412059,0.35459858,0.3384665,0.2465109
f8cd3a63-48b1-8226-a016-745c829fe1f7,0.5618376,0.43115506,0.5189642,0.5813757,0.6077457,0.63299805,0.3789534,0.59300876,0.47122046,0.55261135,0.5563031,0.51292485,0.45057848,0.33394462,0.61651224,0.5210974,0.62928325,0.41794008,0.5029926,0.39081514,0.6455965,0.60716987,0.6820076,0.44651213,0.61999714,0.55818826,0.09898143,0.48234287,0.526319,0.24566083,0.46169665,0.30910528,0.7337313,0.41128796,0.33137345,0.4715524,0.5293822,0.5126726,0.534519,0.065685265
f8d24486-3c62-aede-a4a7-8b9e01e34d87,0.45292023,0.4446247,0.4758888,0.3681756,0.2089059,0.2746989,0.3342116,0.45468044,0.3702532,0.080922045,0.40215525,0.3456224,0.119639136,0.5848898,0.29954976,0.10230537,0.19059563,0.11348886,0.45454022,0.4770234,0.25087774,0.16769816,0.2750796,0.47975656,0.1411343,0.30332348,0.6993732,0.22640245,0.6040667,0.50063646,0.29106724,0.6963894,0.21608195,0.29428875,0.4174935,0.113489054,0.30151072,0.07835039,0.067450844,0.61047584
f91ec2d7-f960-de83-52dd-b2adc1d3a3ce,0.5187915,0.44953215,0.44532695,0.49755087,0.5623873,0.49559093,0.456807,0.43254846,0.47357655,0.5192706,0.4737277,0.6168387,0.5096392,0.19706243,0.5791746,0.5544819,0.5326623,0.49554667,0.5034198,0.42745644,0.6919469,0.6500582,0.6345534,0.49011368,0.50685006,0.4308731,0.19426303,0.37577018,0.49955752,0.17275567,0.39632815,0.23612268,0.55784005,0.42570245,0.39748687,0.58124256,0.41855922,0.41913542,0.4619952,0.16692246
f9378d08-9d50-a556-fd6a-03f52195ab76,0.55791295,0.47141248,0.5816506,0.46451598,0.3563464,0.40359735,0.46942437,0.64162284,0.57820904,0.7098354,0.47682536,0.55483794,0.30616298,0.2929854,0.45060158,0.5560398,0.60028654,0.3723475,0.53643286,0.4156609,0.45826447,0.427642,0.42701253,0.5004621,0.46733576,0.68980205,0.09876139,0.40564296,0.46426946,0.19026653,0.5527846,0.23551746,0.6421709,0.53645384,0.4078507,0.2346631,0.5852693,0.2885442,0.3076666,0.13986096
f950de3b-9a78-f4fa-cc65-4170378d09bc,0.48589748,0.59228,0.56782955,0.41577753,0.50994647,0.5160736,0.53010225,0.4718953,0.464142,0.732352,0.5177541,0.5745298,0.25235096,0.2815372,0.5672102,0.49818888,0.5230235,0.30059066,0.51882267,0.3828609,0.40034965,0.38347065,0.38199905,0.4724219,0.4270563,0.54244006,0.1167532,0.40524,0.32234243,0.19116406,0.60967773,0.22345962,0.4553011,0.412411,0.46830803,0.39152107,0.41149673,0.4482755,0.4901027,0.17878638
f97a5a79-dbea-c62f-7ecf-3b81e44af1dc,0.4696935,0.52054703,0.4765665,0.6780536,0.37600905,0.48656142,0.36197898,0.48492137,0.57293206,0.29924768,0.51137036,0.45569864,0.77108365,0.4672198,0.40219918,0.29831228,0.51779735,0.6711399,0.5171902,0.5132883,0.6961924,0.6879244,0.7262584,0.5233964,0.5170639,0.5171247,0.17742768,0.3536343,0.39165547,0.46004826,0.32353726,0.23827899,0.77052057,0.46726248,0.38787225,0.6010479,0.5200064,0.41670948,0.4569076,0.1713556
f994d017-6604-6f8c-57a3-df431311029b,0.5514239,0.53063446,0.5036673,0.53483385,0.47556752,0.55385023,0.5050953,0.48097366,0.3519528,0.1372434,0.48505515,0.36786613,0.43718424,0.7234742,0.39676353,0.17734797,0.45682132,0.35024163,0.5095347,0.5640912,0.53140324,0.5068573,0.51089084,0.44823366,0.36770827,0.43374208,0.38706538,0.519635,0.41529587,0.688475,0.3672173,0.58089477,0.4479099,0.36880988,0.57225734,0.44517612,0.31951484,0.49566263,0.5436292,0.17825368
f9aa5e91-8248-496d-4ab3-40bf413a97cd,0.45210737,0.4892961,0.44733396,0.49870482,0.38298488,0.47637486,0.5151313,0.46128318,0.5317694,0.46979243,0.4863966,0.49326032,0.41238317,0.23205656,0.50336516,0.45447662,0.5708384,0.3955487,0.44880974,0.41168052,0.29437697,0.3545177,0.41691193,0.5144237,0.56330335,0.54326856,0.17237224,0.43769944,0.36948144,0.1865435,0.49654692,0.2307955,0.43771827,0.44137132,0.4788226,0.3724367,0.4293555,0.22567576,0.22934492,0.19890873
fafea16f-0a90-e39f-3d4d-6a8488a19470,0.49846098,0.48297036,0.46613047,0.4689919,0.35025552,0.46361086,0.48555875,0.42568386,0.4821197,0.12607847,0.44674826,0.41531318,0.27913657,0.4985872,0.32315406,0.2193055,0.4002678,0.29866192,0.4694784,0.45317018,0.32575667,0.29820344,0.2899874,0.45752275,0.30086374,0.47618687,0.43222362,0.42888683,0.44986618,0.47590575,0.48696733,0.34714112,0.42510104,0.42768034,0.4225738,0.23103349,0.36990884,0.23768766,0.2972399,0.36085752
fb3e2b2a-cd27-ba7e-f6fb-d43b06ead6ce,0.5497573,0.56727964,0.50898814,0.45726794,0.33046526,0.21327372,0.34188467,0.43866435,0.34088758,0.11794546,0.4249276,0.31526226,0.16575623,0.5857124,0.3078286,0.15819201,0.33351448,0.16954705,0.63174224,0.48579314,0.3034674,0.25614253,0.28242925,0.47735283,0.15066445,0.34727424,0.27637494,0.25786516,0.5577518,0.6030568,0.4409335,0.456835,0.18314962,0.49392927,0.4765006,0.14496416,0.36684117,0.28582782,0.24214002,0.5899344
fb6b9524-d4c6-9969-68bc-35f0246339d1,0.53699154,0.50266504,0.42397875,0.5404836,0.33895972,0.2823918,0.19626214,0.33288425,0.2223907,0.060771182,0.35171616,0.1555845,0.28521922,0.69458115,0.17682901,0.10075271,0.18462104,0.12781166,0.50991106,0.59348226,0.30299917,0.33236966,0.35929462,0.5691533,0.10996562,0.30674103,0.26783216,0.17365438,0.5016365,0.7402291,0.25326273,0.54109555,0.33610743,0.58990145,0.42468476,0.1862078,0.44784543,0.20405115,0.10038808,0.82338804
fbb52aca-db28-d68a-1216-b59790d0231f,0.55056554,0.52251726,0.54921496,0.5365789,0.57743376,0.44150746,0.5334894,0.54803705,0.528951,0.6014483,0.47654703,0.5779227,0.4084175,0.24556254,0.6056982,0.53824115,0.5602853,0.40904108,0.5854889,0.43229702,0.5048781,0.48283404,0.46529242,0.4266682,0.47089413,0.51568145,0.20209542,0.46395156,0.49625745,0.22450553,0.58234,0.2327808,0.51698846,0.44237587,0.34462997,0.40141305,0.5410304,0.5062524,0.5239484,0.14448117
fbfa5cf5-f710-3a1e-c960-9143bb3ce652,0.52944875,0.5431464,0.43937817,0.32941222,0.358116,0.25919366,0.345266,0.45076865,0.23034228,0.22756,0.42993256,0.38652897,0.06227216,0.5379401,0.2680394,0.11326471,0.29258588,0.074355505,0.6103314,0.6242205,0.25756726,0.30912971,0.32693788,0.42212507,0.123563595,0.30822837,0.5229377,0.23523457,0.389229,0.58169293,0.33292878,0.73297447,0.21982843,0.38676843,0.5098221,0.09638792,0.3142565,0.19196723,0.1274513,0.42931476
fc70cd8d-174c-3289-390a-77f517025fea,0.5035889,0.4798462,0.4824969,0.4729455,0.5846241,0.43158823,0.530511,0.4876889,0.6321526,0.43612257,0.41473484,0.43480206,0.43615094,0.20199017,0.57148033,0.44218567,0.4746803,0.44165957,0.44069806,0.48781317,0.34966394,0.38669127,0.36932155,0.48846415,0.5740682,0.5922177,0.21843395,0.42205316,0.424429,0.15435515,0.7568632,0.1653816,0.51032,0.39452502,0.3374794,0.37584683,0.5675252,0.5128588,0.4960041,0.1569425
fd0bfbe0-7e65-e394-4467-bc194211b423,0.4886711,0.47981173,0.53721434,0.46612287,0.4476669,0.50326604,0.43493506,0.5118118,0.394639,0.18172322,0.4772322,0.38153893,0.3196939,0.6156617,0.42125654,0.23381698,0.42076668,0.29453415,0.48297065,0.46068928,0.37748745,0.4574442,0.43888378,0.44746774,0.33322102,0.48253152,0.3484106,0.45865023,0.47767895,0.53473055,0.39477956,0.5100158,0.4147338,0.36575437,0.5161645,0.3012403,0.42833313,0.29936093,0.36239016,0.24919716
fd444a74-83ad-9a6b-fa23-bdc6e2803a8c,0.54107016,0.4375474,0.50593084,0.54339325,0.39936247,0.49584994,0.43748963,0.43951795,0.5540589,0.12510285,0.5175211,0.43624553,0.34202796,0.55444926,0.44825116,0.25393552,0.34981012,0.23377724,0.47344798,0.56563985,0.30463594,0.32935023,0.30597988,0.44610393,0.53555715,0.5489749,0.33981115,0.5094802,0.37862617,0.49740186,0.31142563,0.52289885,0.49278337,0.5284852,0.3877443,0.33183607,0.26329687,0.35833922,0.3730922,0.12834835
fd605c9e-acc4-a1d9-43d2-956b5195b697,0.49790967,0.45620584,0.52940726,0.5656236,0.6077692,0.48095524,0.5920133,0.46615797,0.6108757,0.43992713,0.43766594,0.61493486,0.49791968,0.1770972,0.5765343,0.69949627,0.58019346,0.5895443,0.46407795,0.42991078,0.5473757,0.43893233,0.43661058,0.5199807,0.6794833,0.5416419,0.113904536,0.44390437,0.4199302,0.14376661,0.6363074,0.14004698,0.45861,0.49226758,0.38298962,0.49406204,0.59948546,0.72660434,0.7222582,0.10907824
fd61b6af-c16b-e421-62b1-50f64f308171,0.5448663,0.44606608,0.4632525,0.6540937,0.5791144,0.48421323,0.51548505,0.5085195,0.5318229,0.30321562,0.49109402,0.6448782,0.6237204,0.27596354,0.5482735,0.4843508,0.50113827,0.6722724,0.5546178,0.49542198,0.57561296,0.5690326,0.5552075,0.52587557,0.6432878,0.44471827,0.1951496,0.44409752,0.40878865,0.3312723,0.38960528,0.25441512,0.6153719,0.44583905,0.43647465,0.6326135,0.42559114,0.495926,0.56841046,0.093630545
fd83348f-f088-3a44-b8cc-faa955eca3a1,0.46235743,0.5233763,0.4728633,0.49765223,0.495815,0.48360196,0.43980712,0.4211283,0.56675667,0.54374486,0.45917383,0.5655157,0.48037115,0.23832136,0.5776247,0.453328,0.55887717,0.46484873,0.48161763,0.45630157,0.50528723,0.5337642,0.5375157,0.45717022,0.48998404,0.51965743,0.17639899,0.45756567,0.4570454,0.19826335,0.4811945,0.3087788,0.5188298,0.40491334,0.4324835,0.56064206,0.41875845,0.4167863,0.42774978,0.15189384
fdd00483-29d6-79af-20dd-27d1e9dae804,0.5294443,0.55464727,0.57363206,0.42583704,0.48873964,0.4633311,0.5065185,0.51238614,0.47540432,0.6374748,0.45417762,0.44604948,0.3621013,0.33166552,0.5731043,0.4532759,0.40534028,0.3275002,0.59548664,0.4062429,0.46234864,0.473664,0.55880725,0.4209672,0.498783,0.3719373,0.17415102,0.46927276,0.56602496,0.22509176,0.570474,0.289783,0.39948735,0.37802303,0.4954077,0.38511133,0.4066934,0.34759086,0.2996649,0.2876449
fe056a48-5cd5-62d4-4320-b33ec62b9fdf,0.52456045,0.5227972,0.46558604,0.5387745,0.6099675,0.50151,0.5386934,0.5043657,0.4805675,0.35348114,0.45383564,0.45736843,0.5210688,0.41337594,0.5041947,0.40487927,0.5149057,0.47018245,0.54450965,0.43447343,0.5124744,0.46317762,0.519079,0.48262125,0.50049454,0.5013573,0.21696554,0.49223697,0.4927741,0.3494456,0.50197226,0.34907562,0.4893233,0.353029,0.5031005,0.5631389,0.41159785,0.5582198,0.52759665,0.2334239
fe47f88d-4c6a-308e-46bb-ffe899aba1c8,0.52849674,0.48309326,0.62374544,0.4549792,0.55290467,0.47845706,0.4076453,0.5748849,0.58610874,0.44028684,0.4475717,0.60099536,0.43889368,0.25289732,0.5384069,0.62227845,0.53685,0.49374285,0.60170573,0.35721427,0.59640896,0.5530975,0.6050275,0.4579829,0.642207,0.44288173,0.093314745,0.36328757,0.51327646,0.19868313,0.5632308,0.17505847,0.6184606,0.46709055,0.34683317,0.3748852,0.49044898,0.54201084,0.6538446,0.074989274
fe61d66b-7cdc-9549-0bd2-3dc20becebd0,0.5204939,0.3278091,0.45020187,0.57347625,0.4291976,0.43575662,0.5599718,0.4925911,0.49391913,0.25041047,0.47324777,0.4236181,0.4688192,0.35315222,0.4143615,0.3203535,0.46715277,0.5542851,0.37410155,0.5263704,0.6150383,0.47678497,0.47508126,0.49451277,0.42430618,0.49839115,0.4414576,0.5208583,0.40788817,0.25944412,0.37174392,0.34217343,0.36466253,0.44411802,0.48353964,0.35265908,0.55211014,0.32926938,0.2917549,0.4078933
feece4e4-efdf-a47e-9722-a475783c3075,0.5640783,0.5586128,0.45667112,0.5588368,0.5019905,0.5596594,0.46939495,0.53108877,0.57521623,0.2715879,0.40474918,0.37809396,0.51825315,0.20735967,0.4537849,0.4042065,0.46647137,0.5407485,0.34349337,0.36915463,0.3431948,0.33150443,0.3423596,0.48205832,0.5096992,0.5521159,0.10991236,0.49145925,0.56130326,0.15330566,0.64559656,0.1274738,0.5474484,0.48734352,0.32098916,0.4742094,0.32749316,0.42843947,0.50315773,0.10404172
ff02f656-69fd-efe9-0402-8daa260e54a7,0.46066225,0.4956953,0.35965693,0.53995144,0.6076347,0.44636995,0.65598744,0.42004988,0.4064589,0.5992746,0.4587316,0.61763084,0.4088103,0.4002071,0.59543955,0.45519987,0.52745414,0.4034004,0.5799025,0.46831635,0.55825675,0.62888485,0.60753167,0.36982697,0.44081035,0.42257047,0.2733101,0.5432611,0.41236693,0.34921813,0.48140305,0.31632304,0.54553324,0.3415933,0.58283055,0.49740475,0.3115343,0.34335843,0.3273788,0.15592358
ff333bea-cb71-d89e-b120-0339e29bf9fe,0.4414094,0.30189717,0.5411627,0.49676004,0.3326908,0.47535798,0.49010548,0.5709137,0.58449763,0.08656001,0.5899539,0.4749333,0.29508144,0.5351893,0.3894147,0.21672341,0.31345212,0.20939775,0.4686129,0.49416915,0.4246692,0.31993794,0.35289347,0.48581356,0.48179573,0.42330867,0.49672744,0.4848095,0.41142485,0.579742,0.17900577,0.6480783,0.4682028,0.43005323,0.44400296,0.23783784,0.26143992,0.14733748,0.24782056,0.21575877
ffc367b1-8835-d1bd-ce83-eb45963f2e90,0.5662866,0.477055,0.5530095,0.3567801,0.20529836,0.5023268,0.26894405,0.56053734,0.55560803,0.060728766,0.5953911,0.45378795,0.17534092,0.39913076,0.23789047,0.184625,0.2574906,0.25055063,0.41664934,0.51393694,0.17145008,0.14051743,0.13252869,0.51812935,0.3211319,0.49124083,0.36816207,0.31009197,0.35460147,0.48409534,0.24928966,0.6003176,0.3290674,0.53955024,0.48423824,0.16742419,0.38649064,0.28520036,0.19350506,0.19444764
